CMMN_CD_ID,CRS_TNCY_ID,LANG_CD,CD,CD_SEQ,CDNM,CD_VL,CD_ENNM,CD_EXPLN,GRPCD,USEYN,RGTR_ID,REG_DTTM,MDFR_ID,MOD_DTTM,UP_CD_ID
CMMN_CD00060,LMSBASIC,KO,BBS,2,게시판,,,,,Y,admin,2.02512E+13,,,MAXSZ_ACTV_TYCD
CMMN_CD00061,LMSBASIC,KO,ASMT,3,과제,,,,,Y,admin,2.02512E+13,,,MAXSZ_ACTV_TYCD
CMMN_CD00062,LMSBASIC,KO,SRVY,4,설문,,,,,Y,admin,2.02512E+13,,,MAXSZ_ACTV_TYCD
CMMN_CD00063,LMSBASIC,KO,MRK,5,성적,,,,,Y,admin,2.02512E+13,,,MAXSZ_ACTV_TYCD
CMMN_CD00064,LMSBASIC,KO,SMNR,6,세미나,,,,,Y,admin,2.02512E+13,,,MAXSZ_ACTV_TYCD
CMMN_CD00065,LMSBASIC,KO,EXAM,7,시험,,,,,Y,admin,2.02512E+13,,,MAXSZ_ACTV_TYCD
CMMN_CD00066,LMSBASIC,KO,DSCS,8,토론,,,,,Y,admin,2.02512E+13,,,MAXSZ_ACTV_TYCD
CMMN_CD00067,LMSBASIC,KO,TEAM,9,팀,,,,,Y,admin,2.02512E+13,,,MAXSZ_ACTV_TYCD
CMMN_CD00068,LMSBASIC,KO,EVL,10,평가,,,,,Y,admin,2.02512E+13,,,MAXSZ_ACTV_TYCD
CMMN_CD00069,LMSBASIC,KO,QUIZ,11,퀴즈,,,,,Y,admin,2.02512E+13,,,MAXSZ_ACTV_TYCD
CMMN_CD00070,LMSBASIC,KO,MSG,12,메시지,,,,,Y,admin,2.02512E+13,,,MAXSZ_ACTV_TYCD
CMMN_CD00071,LMSBASIC,KO,PRJCT,13,프로젝트,,,,,Y,admin,2.02512E+13,,,MAXSZ_ACTV_TYCD
CMMN_CD00072,LMSBASIC,KO,BBS_ACTV_TYCD,0,게시판활동유형코드,,,,,Y,admin,2.02512E+13,,,BBS_ACTV_TYCD
CMMN_CD00073,LMSBASIC,KO,LCTR,1,강의,,,,,Y,admin,2.02512E+13,,,BBS_ACTV_TYCD
CMMN_CD00074,LMSBASIC,KO,BBS,2,게시판,,,,,Y,admin,2.02512E+13,,,BBS_ACTV_TYCD
CMMN_CD00075,LMSBASIC,KO,ASMT,3,과제,,,,,Y,admin,2.02512E+13,,,BBS_ACTV_TYCD
CMMN_CD00076,LMSBASIC,KO,SRVY,4,설문,,,,,Y,admin,2.02512E+13,,,BBS_ACTV_TYCD
CMMN_CD00077,LMSBASIC,KO,MRK,5,성적,,,,,Y,admin,2.02512E+13,,,BBS_ACTV_TYCD
CMMN_CD00001,LMSBASIC,KO,ASMT_TYCD,0,과제유형코드,,,,,Y,admin,2.02512E+13,,,ASMT_TYCD
CMMN_CD00002,LMSBASIC,KO,INDV_ASMT,1,개별과제,,,,,Y,admin,2.02512E+13,,,ASMT_TYCD
CMMN_CD00003,LMSBASIC,KO,ETC_ASMT,2,기타과제,,,,,Y,admin,2.02512E+13,,,ASMT_TYCD
CMMN_CD00004,LMSBASIC,KO,SBST_ASMT,3,대체과제,,,,,Y,admin,2.02512E+13,,,ASMT_TYCD
CMMN_CD00005,LMSBASIC,KO,EXAM_ASMT,4,시험과제,,,,,Y,admin,2.02512E+13,,,ASMT_TYCD
CMMN_CD00006,LMSBASIC,KO,PRCTC_ASMT,5,실기과제,,,,,Y,admin,2.02512E+13,,,ASMT_TYCD
CMMN_CD00007,LMSBASIC,KO,GNRL_ASMT,6,일반과제,,,,,Y,admin,2.02512E+13,,,ASMT_TYCD
CMMN_CD00008,LMSBASIC,KO,TEAM_ASMT,7,팀과제,,,,,Y,admin,2.02512E+13,,,ASMT_TYCD
CMMN_CD00009,LMSBASIC,KO,SBMSN_TYCD,0,제출유형코드,,,,,Y,admin,2.02512E+13,,,SBMSN_TYCD
CMMN_CD00010,LMSBASIC,KO,INPT_TXT,1,입력텍스트,,,,,Y,admin,2.02512E+13,,,SBMSN_TYCD
CMMN_CD00011,LMSBASIC,KO,FILE,2,파일,,,,,Y,admin,2.02512E+13,,,SBMSN_TYCD
CMMN_CD00012,LMSBASIC,KO,UNIT_TYCD,0,단위유형,,,,,Y,admin,2.02512E+13,,,UNIT_TYCD
CMMN_CD00013,LMSBASIC,KO,INDV,1,개인,,,,,Y,admin,2.02512E+13,,,UNIT_TYCD
CMMN_CD00014,LMSBASIC,KO,TEAM,2,팀,,,,,Y,admin,2.02512E+13,,,UNIT_TYCD
CMMN_CD00015,LMSBASIC,KO,GRP,3,그룹,,,,,Y,admin,2.02512E+13,,,UNIT_TYCD
CMMN_CD00016,LMSBASIC,KO,EVL_TYCD,0,평가유형,,,,,Y,admin,2.02512E+13,,,EVL_TYCD
CMMN_CD00017,LMSBASIC,KO,PEER,1,동료평가,,,,,Y,admin,2.02512E+13,,,EVL_CTGRCD
CMMN_CD00018,LMSBASIC,KO,PASSFAIL,2,통과불통과,,,,,Y,admin,2.02512E+13,,,EVL_CTGRCD
CMMN_CD00019,LMSBASIC,KO,GRD,3,등급평가,,,,,Y,admin,2.02512E+13,,,EVL_CTGRCD
CMMN_CD00020,LMSBASIC,KO,RUBRIC,4,루브릭평가,,,,,Y,admin,2.02512E+13,,,EVL_CTGRCD
CMMN_CD00021,LMSBASIC,KO,ONSLF,5,자기평가,,,,,Y,admin,2.02512E+13,,,EVL_CTGRCD
CMMN_CD00022,LMSBASIC,KO,SCR,6,점수평가,,,,,Y,admin,2.02512E+13,,,EVL_CTGRCD
CMMN_CD00023,LMSBASIC,KO,MIX_SCR_RUBRIC,7,혼합점수루브릭평가,,,,,Y,admin,2.02512E+13,,,EVL_CTGRCD
CMMN_CD00024,LMSBASIC,KO,EVL_GRDCD,0,평가등급코드,,,,,Y,admin,2.02512E+13,,,EVL_GRDCD
CMMN_CD00025,LMSBASIC,KO,A+,1,학점A+,,,,,Y,admin,2.02512E+13,,,EVL_GRDCD
CMMN_CD00026,LMSBASIC,KO,A,2,학점A,,,,,Y,admin,2.02512E+13,,,EVL_GRDCD
CMMN_CD00027,LMSBASIC,KO,B+,3,학점B+,,,,,Y,admin,2.02512E+13,,,EVL_GRDCD
CMMN_CD00028,LMSBASIC,KO,B,4,학점B,,,,,Y,admin,2.02512E+13,,,EVL_GRDCD
CMMN_CD00029,LMSBASIC,KO,C+,5,학점C+,,,,,Y,admin,2.02512E+13,,,EVL_GRDCD
CMMN_CD00030,LMSBASIC,KO,C,6,학점C,,,,,Y,admin,2.02512E+13,,,EVL_GRDCD
CMMN_CD00031,LMSBASIC,KO,D+,7,학점D+,,,,,Y,admin,2.02512E+13,,,EVL_GRDCD
CMMN_CD00032,LMSBASIC,KO,D,8,학점D,,,,,Y,admin,2.02512E+13,,,EVL_GRDCD
CMMN_CD00033,LMSBASIC,KO,NONPASS,9,불통과,,,,,Y,admin,2.02512E+13,,,EVL_GRDCD
CMMN_CD00034,LMSBASIC,KO,PASS,10,통과,,,,,Y,admin,2.02512E+13,,,EVL_GRDCD
CMMN_CD00035,LMSBASIC,KO,ASMT_SBMSN_FILE_REF_CD,0,과제제출파일참조코드,,,,,Y,admin,2.02512E+13,,,ASMT_SBMSN_FILE_REF_CD
CMMN_CD00036,LMSBASIC,KO,SBMSN_FILE ,1,과제제출파일,,,,,Y,admin,2.02512E+13,,,ASMT_SBMSN_FILE_REF_CD
CMMN_CD00037,LMSBASIC,KO,FDBK_FILE,2,과제피드백파일,,,,,Y,admin,2.02512E+13,,,ASMT_SBMSN_FILE_REF_CD
CMMN_CD00038,LMSBASIC,KO,SBMSN_STSCD,0,제출상태,,,,,Y,admin,2.02512E+13,,,SBMSN_STSCD
CMMN_CD00039,LMSBASIC,KO,NON_SBMSN,1,미제출,,,,,Y,admin,2.02512E+13,,,SBMSN_STSCD
CMMN_CD00040,LMSBASIC,KO,SBMSN_EXTD_PRD,2,연장기간제출,,,,,Y,admin,2.02512E+13,,,SBMSN_STSCD
CMMN_CD00041,LMSBASIC,KO,SBMSN_RE_CMPTN,3,재제출완료,,,,,Y,admin,2.02512E+13,,,SBMSN_STSCD
CMMN_CD00042,LMSBASIC,KO,SBMSN_CMPTN,4,제출완료,,,,,Y,admin,2.02512E+13,,,SBMSN_STSCD
CMMN_CD00043,LMSBASIC,KO,SBMSN_DDLN_AFTER,5,지각제출,,,,,Y,admin,2.02512E+13,,,SBMSN_STSCD
CMMN_CD00044,LMSBASIC,KO,FILE_TYCD,0,파일유형,,,,,Y,admin,2.02512E+13,,,FILE_TYCD
CMMN_CD00045,LMSBASIC,KO,VDO,1,동영상,,,,,Y,admin,2.02512E+13,,,FILE_TYCD
CMMN_CD00046,LMSBASIC,KO,APLCTN,2,응용프로그램,,,,,Y,admin,2.02512E+13,,,FILE_TYCD
CMMN_CD00047,LMSBASIC,KO,VOICE,3,음성,,,,,Y,admin,2.02512E+13,,,FILE_TYCD
CMMN_CD00048,LMSBASIC,KO,IMG,4,이미지,,,,,Y,admin,2.02512E+13,,,FILE_TYCD
CMMN_CD00049,LMSBASIC,KO,TXT,5,텍스트,,,,,Y,admin,2.02512E+13,,,FILE_TYCD
CMMN_CD00050,LMSBASIC,KO,FILE_BOX_TYCD,0,파일함유형,,,,,Y,admin,2.02512E+13,,,FILE_BOX_TYCD
CMMN_CD00051,LMSBASIC,KO,ETC,1,기타,,,,,Y,admin,2.02512E+13,,,FILE_BOX_TYCD
CMMN_CD00052,LMSBASIC,KO,VDO,2,동영상,,,,,Y,admin,2.02512E+13,,,FILE_BOX_TYCD
CMMN_CD00053,LMSBASIC,KO,APLCTN,3,어플리케이션,,,,,Y,admin,2.02512E+13,,,FILE_BOX_TYCD
CMMN_CD00054,LMSBASIC,KO,VOICE,4,음성,,,,,Y,admin,2.02512E+13,,,FILE_BOX_TYCD
CMMN_CD00055,LMSBASIC,KO,IMG,5,이미지,,,,,Y,admin,2.02512E+13,,,FILE_BOX_TYCD
CMMN_CD00056,LMSBASIC,KO,TXT,6,텍스트,,,,,Y,admin,2.02512E+13,,,FILE_BOX_TYCD
CMMN_CD00057,LMSBASIC,KO,FLDR,7,폴더,,,,,Y,admin,2.02512E+13,,,FILE_BOX_TYCD
CMMN_CD00058,LMSBASIC,KO,MAXSZ_ACTV_TYCD,0,최대크기활동유형코드,,,,,Y,admin,2.02512E+13,,,MAXSZ_ACTV_TYCD
CMMN_CD00059,LMSBASIC,KO,LCTR,1,강의,,,,,Y,admin,2.02512E+13,,,MAXSZ_ACTV_TYCD
CMMN_CD00078,LMSBASIC,KO,SMNR,6,세미나,,,,,Y,admin,2.02512E+13,,,BBS_ACTV_TYCD
CMMN_CD00079,LMSBASIC,KO,EXAM,7,시험,,,,,Y,admin,2.02512E+13,,,BBS_ACTV_TYCD
CMMN_CD00080,LMSBASIC,KO,DSCS,8,토론,,,,,Y,admin,2.02512E+13,,,BBS_ACTV_TYCD
CMMN_CD00081,LMSBASIC,KO,TEAM,9,팀,,,,,Y,admin,2.02512E+13,,,BBS_ACTV_TYCD
CMMN_CD00082,LMSBASIC,KO,EVL,10,평가,,,,,Y,admin,2.02512E+13,,,BBS_ACTV_TYCD
CMMN_CD00083,LMSBASIC,KO,QUIZ,11,퀴즈,,,,,Y,admin,2.02512E+13,,,BBS_ACTV_TYCD
CMMN_CD00084,LMSBASIC,KO,MSG,12,메시지,,,,,Y,admin,2.02512E+13,,,BBS_ACTV_TYCD
CMMN_CD00085,LMSBASIC,KO,PRJCT,13,프로젝트,,,,,Y,admin,2.02512E+13,,,BBS_ACTV_TYCD
CMMN_CD00086,LMSBASIC,KO,MAXSZ_ACTV_GRP_TYCD,0,최대크기활동그룹유형코드,,,,,Y,admin,2.02512E+13,,,MAXSZ_ACTV_GRP_TYCD
CMMN_CD00087,LMSBASIC,KO,SBJCT,1,과목,,,,,Y,admin,2.02512E+13,,,MAXSZ_ACTV_GRP_TYCD
CMMN_CD00088,LMSBASIC,KO,PORTAL,2,포탈,,,,,Y,admin,2.02512E+13,,,MAXSZ_ACTV_GRP_TYCD
CMMN_CD00089,LMSBASIC,KO,GDSC_DGRS_CRS_GBNCD,0,대학원학위과정구분,,,,,Y,admin,2.02512E+13,,,GDSC_DGRS_CRS_GBNCD
CMMN_CD00090,LMSBASIC,KO,DCTR,1,박사,,,,,Y,admin,2.02512E+13,,,GDSC_DGRS_CRS_GBNCD
CMMN_CD00091,LMSBASIC,KO,MSTR,2,석사,,,,,Y,admin,2.02512E+13,,,GDSC_DGRS_CRS_GBNCD
CMMN_CD00092,LMSBASIC,KO,ACAD,3,학사,,,,,Y,admin,2.02512E+13,,,GDSC_DGRS_CRS_GBNCD
CMMN_CD00093,LMSBASIC,KO,CMCRS_GBNCD,0,이수구분코드,,,,,Y,admin,2.02512E+13,,,CMCRS_GBNCD
CMMN_CD00094,LMSBASIC,KO,CULTURE_REQUIRED,1,교양필수,,,,,Y,admin,2.02512E+13,,,CMCRS_GBNCD
CMMN_CD00095,LMSBASIC,KO,CULTURE_ELECTIVE,2,교양선택,,,,,Y,admin,2.02512E+13,,,CMCRS_GBNCD
CMMN_CD00096,LMSBASIC,KO,BASIC_CULTURE,3,기초교양,,,,,Y,admin,2.02512E+13,,,CMCRS_GBNCD
CMMN_CD00097,LMSBASIC,KO,SUPPLEMENTARY,4,보충과목,,,,,Y,admin,2.02512E+13,,,CMCRS_GBNCD
CMMN_CD00098,LMSBASIC,KO,DOUBLE_MAJOR,5,복수전공,,,,,Y,admin,2.02512E+13,,,CMCRS_GBNCD
CMMN_CD00099,LMSBASIC,KO,DOUBLE_MAJOR_ELECTIVE,6,복수전공선택,,,,,Y,admin,2.02512E+13,,,CMCRS_GBNCD
CMMN_CD00100,LMSBASIC,KO,DOUBLE_MAJOR_REQUIRED,7,복수전공필수,,,,,Y,admin,2.02512E+13,,,CMCRS_GBNCD
CMMN_CD00101,LMSBASIC,KO,MINOR,8,부전공,,,,,Y,admin,2.02512E+13,,,CMCRS_GBNCD
CMMN_CD00102,LMSBASIC,KO,MINOR_ELECTIVE,9,부전공선택,,,,,Y,admin,2.02512E+13,,,CMCRS_GBNCD
CMMN_CD00103,LMSBASIC,KO,MINOR_REQUIRED,10,부전공필수,,,,,Y,admin,2.02512E+13,,,CMCRS_GBNCD
CMMN_CD00104,LMSBASIC,KO,PREREQUISITE,11,선수과목,,,,,Y,admin,2.02512E+13,,,CMCRS_GBNCD
CMMN_CD00105,LMSBASIC,KO,GNRL_ELECTIVE,12,일반선택,,,,,Y,admin,2.02512E+13,,,CMCRS_GBNCD
CMMN_CD00106,LMSBASIC,KO,MAJOR,13,전공,,,,,Y,admin,2.02512E+13,,,CMCRS_GBNCD
CMMN_CD00107,LMSBASIC,KO,MAJOR_BASIC,14,전공기초,,,,,Y,admin,2.02512E+13,,,CMCRS_GBNCD
CMMN_CD00108,LMSBASIC,KO,MAJOR_ELECTIVE,15,전공선택,,,,,Y,admin,2.02512E+13,,,CMCRS_GBNCD
CMMN_CD00109,LMSBASIC,KO,MAJOR_REQUIRED,16,전공필수,,,,,Y,admin,2.02512E+13,,,CMCRS_GBNCD
CMMN_CD00110,LMSBASIC,KO,FNDTNBASIC,17,계열기초,,,,,Y,admin,2.02512E+13,,,CMCRS_GBNCD
CMMN_CD00111,LMSBASIC,KO,AUTHRT_CD,0,권한코드,,,,,Y,admin,2.02512E+13,,,AUTHRT_CD
CMMN_CD00112,LMSBASIC,KO,ADM,1,관리자,,,,,Y,admin,2.02512E+13,,,AUTHRT_CD
CMMN_CD00113,LMSBASIC,KO,COPROF,2,공동교수,,,,,Y,admin,2.02512E+13,,,AUTHRT_CD
CMMN_CD00114,LMSBASIC,KO,PROF,3,교수,,,,,Y,admin,2.02512E+13,,,AUTHRT_CD
CMMN_CD00115,LMSBASIC,KO,GUEST,4,손님,,,,,Y,admin,2.02512E+13,,,AUTHRT_CD
CMMN_CD00116,LMSBASIC,KO,ASSI,5,조교,,,,,Y,admin,2.02512E+13,,,AUTHRT_CD
CMMN_CD00117,LMSBASIC,KO,CCH,6,코치,,,,,Y,admin,2.02512E+13,,,AUTHRT_CD
CMMN_CD00118,LMSBASIC,KO,TUT,7,튜터,,,,,Y,admin,2.02512E+13,,,AUTHRT_CD
CMMN_CD00119,LMSBASIC,KO,STDNT,8,학생,,,,,Y,admin,2.02512E+13,,,AUTHRT_CD
CMMN_CD00120,LMSBASIC,KO,LANG_CD,0,언어코드,,,,,Y,admin,2.02512E+13,,,LANG_CD
CMMN_CD00121,LMSBASIC,KO,ko,1,한국어,,,,,Y,admin,2.02512E+13,,,LANG_CD
CMMN_CD00122,LMSBASIC,KO,en,2,영어,,,,,Y,admin,2.02512E+13,,,LANG_CD
CMMN_CD00123,LMSBASIC,KO,zh,3,중국어,,,,,Y,admin,2.02512E+13,,,LANG_CD
CMMN_CD00124,LMSBASIC,KO,zh-TW,4,대만/홍콩,,,,,Y,admin,2.02512E+13,,,LANG_CD
CMMN_CD00125,LMSBASIC,KO,ja,5,일본어,,,,,Y,admin,2.02512E+13,,,LANG_CD
CMMN_CD00126,LMSBASIC,KO,fr,6,프랑스어,,,,,Y,admin,2.02512E+13,,,LANG_CD
CMMN_CD00127,LMSBASIC,KO,de,7,독일어,,,,,Y,admin,2.02512E+13,,,LANG_CD
CMMN_CD00128,LMSBASIC,KO,es,8,에스파냐어,,,,,Y,admin,2.02512E+13,,,LANG_CD
CMMN_CD00129,LMSBASIC,KO,ru,9,러시아어,,,,,Y,admin,2.02512E+13,,,LANG_CD
CMMN_CD00130,LMSBASIC,KO,vi,10,베트남어,,,,,Y,admin,2.02512E+13,,,LANG_CD
CMMN_CD00131,LMSBASIC,KO,th,11,태국어,,,,,Y,admin,2.02512E+13,,,LANG_CD
CMMN_CD00132,LMSBASIC,KO,BBS_TYCD,0,게시판유형,,,,,Y,admin,2.02512E+13,,,BBS_TYCD
CMMN_CD00133,LMSBASIC,KO,FAQ,1,FAQ,,,,,Y,admin,2.02512E+13,,,BBS_TYCD
CMMN_CD00134,LMSBASIC,KO,QNA,2,QNA,,,,,Y,admin,2.02512E+13,,,BBS_TYCD
CMMN_CD00135,LMSBASIC,KO,NTC,3,공지사항,,,,,Y,admin,2.02512E+13,,,BBS_TYCD
CMMN_CD00136,LMSBASIC,KO,SBJCT_OPR_QNA,4,과목운영자QNA,,,,,Y,admin,2.02512E+13,,,BBS_TYCD
CMMN_CD00137,LMSBASIC,KO,ETC,5,기타게시판,,,,,Y,admin,2.02512E+13,,,BBS_TYCD
CMMN_CD00138,LMSBASIC,KO,BLOG,6,블로그,,,,,Y,admin,2.02512E+13,,,BBS_TYCD
CMMN_CD00139,LMSBASIC,KO,NEWS,7,새소식,,,,,Y,admin,2.02512E+13,,,BBS_TYCD
CMMN_CD00140,LMSBASIC,KO,1ON1,8,일대일상담,,,,,Y,admin,2.02512E+13,,,BBS_TYCD
CMMN_CD00141,LMSBASIC,KO,DATA,9,자료실,,,,,Y,admin,2.02512E+13,,,BBS_TYCD
CMMN_CD00142,LMSBASIC,KO,FREE,10,자유게시판,,,,,Y,admin,2.02512E+13,,,BBS_TYCD
CMMN_CD00143,LMSBASIC,KO,TEAM,11,팀게시판,,,,,Y,admin,2.02512E+13,,,BBS_TYCD
CMMN_CD00144,LMSBASIC,KO,PHOTO,12,포토갤러리,,,,,Y,admin,2.02512E+13,,,BBS_TYCD
CMMN_CD00145,LMSBASIC,KO,ATCL_TYCD,0,게시글유형,,,,,Y,admin,2.02512E+13,,,ATCL_TYCD
CMMN_CD00146,LMSBASIC,KO,BLOG,1,BLOG,,,,,Y,admin,2.02512E+13,,,ATCL_TYCD
CMMN_CD00147,LMSBASIC,KO,EVENT,2,EVENT,,,,,Y,admin,2.02512E+13,,,ATCL_TYCD
CMMN_CD00148,LMSBASIC,KO,FAQ ,3,FAQ ,,,,,Y,admin,2.02512E+13,,,ATCL_TYCD
CMMN_CD00149,LMSBASIC,KO,NEWS,4,NEWS,,,,,Y,admin,2.02512E+13,,,ATCL_TYCD
CMMN_CD00150,LMSBASIC,KO,QNA,5,QNA,,,,,Y,admin,2.02512E+13,,,ATCL_TYCD
CMMN_CD00151,LMSBASIC,KO,REPORT,6,REPORT,,,,,Y,admin,2.02512E+13,,,ATCL_TYCD
CMMN_CD00152,LMSBASIC,KO,REVIEW,7,REVIEW,,,,,Y,admin,2.02512E+13,,,ATCL_TYCD
CMMN_CD00153,LMSBASIC,KO,SNSLINK,8,SNSLINK,,,,,Y,admin,2.02512E+13,,,ATCL_TYCD
CMMN_CD00154,LMSBASIC,KO,SHARE,9,공유,,,,,Y,admin,2.02512E+13,,,ATCL_TYCD
CMMN_CD00155,LMSBASIC,KO,NTC,10,공지,,,,,Y,admin,2.02512E+13,,,ATCL_TYCD
CMMN_CD00156,LMSBASIC,KO,AD,11,광고,,,,,Y,admin,2.02512E+13,,,ATCL_TYCD
CMMN_CD00157,LMSBASIC,KO,SRVY,12,설문,,,,,Y,admin,2.02512E+13,,,ATCL_TYCD
CMMN_CD00158,LMSBASIC,KO,GNRL,13,일반,,,,,Y,admin,2.02512E+13,,,ATCL_TYCD
CMMN_CD00159,LMSBASIC,KO,TUT,14,튜터,,,,,Y,admin,2.02512E+13,,,ATCL_TYCD
CMMN_CD00160,LMSBASIC,KO,TIP,15,팁,,,,,Y,admin,2.02512E+13,,,ATCL_TYCD
CMMN_CD00161,LMSBASIC,KO,HDR_TYCD,0,말머리유형코드,,,,,Y,admin,2.02512E+13,,,HDR_TYCD
CMMN_CD00162,LMSBASIC,KO,NTC,1,공지,,,,,Y,admin,2.02512E+13,,,HDR_TYCD
CMMN_CD00163,LMSBASIC,KO,URGT,2,긴급,,,,,Y,admin,2.02512E+13,,,HDR_TYCD
CMMN_CD00164,LMSBASIC,KO,QUEST,3,문의,,,,,Y,admin,2.02512E+13,,,HDR_TYCD
CMMN_CD00165,LMSBASIC,KO,REPORT,4,보고,,,,,Y,admin,2.02512E+13,,,HDR_TYCD
CMMN_CD00166,LMSBASIC,KO,CMPTN,5,완료,,,,,Y,admin,2.02512E+13,,,HDR_TYCD
CMMN_CD00167,LMSBASIC,KO,REQ,6,요청,,,,,Y,admin,2.02512E+13,,,HDR_TYCD
CMMN_CD00168,LMSBASIC,KO,DATA,7,자료,,,,,Y,admin,2.02512E+13,,,HDR_TYCD
CMMN_CD00169,LMSBASIC,KO,PROC_STSCD,0,처리상태코드,,,,,Y,admin,2.02512E+13,,,PROC_STSCD
CMMN_CD00170,LMSBASIC,KO,RJCT,1,거절,,,,,Y,admin,2.02512E+13,,,PROC_STSCD
CMMN_CD00171,LMSBASIC,KO,WAIT,2,대기,,,,,Y,admin,2.02512E+13,,,PROC_STSCD
CMMN_CD00172,LMSBASIC,KO,SCS,3,성공,,,,,Y,admin,2.02512E+13,,,PROC_STSCD
CMMN_CD00173,LMSBASIC,KO,FAIL,4,실패,,,,,Y,admin,2.02512E+13,,,PROC_STSCD
CMMN_CD00174,LMSBASIC,KO,RSRV,5,예약,,,,,Y,admin,2.02512E+13,,,PROC_STSCD
CMMN_CD00175,LMSBASIC,KO,PAUS,6,일시정지,,,,,Y,admin,2.02512E+13,,,PROC_STSCD
CMMN_CD00176,LMSBASIC,KO,ABRT,7,중단,,,,,Y,admin,2.02512E+13,,,PROC_STSCD
CMMN_CD00177,LMSBASIC,KO,ING,8,처리중,,,,,Y,admin,2.02512E+13,,,PROC_STSCD
CMMN_CD00178,LMSBASIC,KO,CNCL,9,취소,,,,,Y,admin,2.02512E+13,,,PROC_STSCD
CMMN_CD00179,LMSBASIC,KO,BTCH_EXCN_RSLT_CD,0,배치실행결과코드,,,,,Y,admin,2.02512E+13,,,BTCH_EXCN_RSLT_CD
CMMN_CD00180,LMSBASIC,KO,EXCN_RJCT,1,실행거절,,,,,Y,admin,2.02512E+13,,,BTCH_EXCN_RSLT_CD
CMMN_CD00181,LMSBASIC,KO,EXCN_SCS,2,실행성공,,,,,Y,admin,2.02512E+13,,,BTCH_EXCN_RSLT_CD
CMMN_CD00182,LMSBASIC,KO,EXCN_FAIL,3,실행실패,,,,,Y,admin,2.02512E+13,,,BTCH_EXCN_RSLT_CD
CMMN_CD00183,LMSBASIC,KO,EXCN_RSRV,4,실행예약,,,,,Y,admin,2.02512E+13,,,BTCH_EXCN_RSLT_CD
CMMN_CD00184,LMSBASIC,KO,EXCN_EXCP,5,실행중예외발생,,,,,Y,admin,2.02512E+13,,,BTCH_EXCN_RSLT_CD
CMMN_CD00185,LMSBASIC,KO,EXCN_ING,6,실행중,,,,,Y,admin,2.02512E+13,,,BTCH_EXCN_RSLT_CD
CMMN_CD00186,LMSBASIC,KO,TBL_REF_TYCD,0,테이블참조유형코드,,,,,Y,admin,2.02512E+13,,,TBL_REF_TYCD
CMMN_CD00187,LMSBASIC,KO,TB_LMS_BBS,1,게시판,,,,,Y,admin,2.02512E+13,,,TBL_REF_TYCD
CMMN_CD00188,LMSBASIC,KO,TB_LMS_SBJCT,2,과목,,,,,Y,admin,2.02512E+13,,,TBL_REF_TYCD
CMMN_CD00189,LMSBASIC,KO,TB_LMS_ASMT,3,과제,,,,,Y,admin,2.02512E+13,,,TBL_REF_TYCD
CMMN_CD00190,LMSBASIC,KO,TB_LMS_SRVY,4,설문,,,,,Y,admin,2.02512E+13,,,TBL_REF_TYCD
CMMN_CD00191,LMSBASIC,KO,TB_LMS_ATNDLC,5,수강,,,,,Y,admin,2.02512E+13,,,TBL_REF_TYCD
CMMN_CD00192,LMSBASIC,KO,TB_LMS_DSCS,6,토론,,,,,Y,admin,2.02512E+13,,,TBL_REF_TYCD
CMMN_CD00193,LMSBASIC,KO,CRS_GBNCD,0,과정구분코드,,,,,Y,admin,2.02512E+13,,,CRS_GBNCD
CMMN_CD00194,LMSBASIC,KO,OPEN_CRS,1,공개과정,,,,,Y,admin,2.02512E+13,,,CRS_GBNCD
CMMN_CD00195,LMSBASIC,KO,NON_RGLR_CRS,2,비정규과정,,,,,Y,admin,2.02512E+13,,,CRS_GBNCD
CMMN_CD00196,LMSBASIC,KO,CNTNS_CRS,3,상시과정,,,,,Y,admin,2.02512E+13,,,CRS_GBNCD
CMMN_CD00197,LMSBASIC,KO,RGLR_CRS,4,정규과정,,,,,Y,admin,2.02512E+13,,,CRS_GBNCD
CMMN_CD00198,LMSBASIC,KO,SPECIAL_CRS,5,특별과정,,,,,Y,admin,2.02512E+13,,,CRS_GBNCD
CMMN_CD00199,LMSBASIC,KO,SHORT_TERM_CRS,6,단기과정,,,,,Y,admin,2.02512E+13,,,CRS_GBNCD
CMMN_CD00200,LMSBASIC,KO,CRS_OP_TYCD,0,과정운영유형,,,,,Y,admin,2.02512E+13,,,CRS_OP_TYCD
CMMN_CD00201,LMSBASIC,KO,GENERAL_EDU,1,일반교육,,,,,Y,admin,2.02512E+13,,,CRS_OP_TYCD
CMMN_CD00202,LMSBASIC,KO,SPECIAL_EDU,2,특별교육,,,,,Y,admin,2.02512E+13,,,CRS_OP_TYCD
CMMN_CD00203,LMSBASIC,KO,OPEN_EUD,3,공개교육,,,,,Y,admin,2.02512E+13,,,CRS_OP_TYCD
CMMN_CD00204,LMSBASIC,KO,MANDATORY_EDU,4,의무교육,,,,,Y,admin,2.02512E+13,,,CRS_OP_TYCD
CMMN_CD00205,LMSBASIC,KO,STTY_EDU,5,법정교육,,,,,Y,admin,2.02512E+13,,,CRS_OP_TYCD
CMMN_CD00206,LMSBASIC,KO,CRS_CTGRCD,0,과정분류코드,,,,,Y,admin,2.02512E+13,,,CRS_CTGRCD
CMMN_CD00207,LMSBASIC,KO,CHRT_SYSTEM,1,기수제,,,,,Y,admin,2.02512E+13,,,CRS_CTGRCD
CMMN_CD00208,LMSBASIC,KO,SMSTR_SYSTEM,2,학기제,,,,,Y,admin,2.02512E+13,,,CRS_CTGRCD
CMMN_CD00209,LMSBASIC,KO,OPEN_LCTR_SYSTEM,3,공개강좌제,,,,,Y,admin,2.02512E+13,,,CRS_CTGRCD
CMMN_CD00210,LMSBASIC,KO,MANDATORY_SYSTEM,4,의무교육제,,,,,Y,admin,2.02512E+13,,,CRS_CTGRCD
CMMN_CD00211,LMSBASIC,KO,STTY_EDU_SYSTEM,5,법정교육제,,,,,Y,admin,2.02512E+13,,,CRS_CTGRCD
CMMN_CD00212,LMSBASIC,KO,SBJCT_CTGRCD,0,과목분류코드,,,,,Y,admin,2.02512E+13,,,SBJCT_CTGRCD
CMMN_CD00213,LMSBASIC,KO,CHRT_SYSTEM,1,기수제,,,,,Y,admin,2.02512E+13,,,SBJCT_CTGRCD
CMMN_CD00214,LMSBASIC,KO,SMSTR_SYSTEM,2,학기제,,,,,Y,admin,2.02512E+13,,,SBJCT_CTGRCD
CMMN_CD00215,LMSBASIC,KO,OPEN_LCTR_SYSTEM,3,공개강좌,,,,,Y,admin,2.02512E+13,,,SBJCT_CTGRCD
CMMN_CD00216,LMSBASIC,KO,STTY_EDU_SYSTEM,4,법정교육,,,,,Y,admin,2.02512E+13,,,SBJCT_CTGRCD
CMMN_CD00217,LMSBASIC,KO,PROC_MTHD_CD,0,처리방법코드,,,,,Y,admin,2.02512E+13,,,PROC_MTHD_CD
CMMN_CD00218,LMSBASIC,KO,BTCH,1,배치,,,,,Y,admin,2.02512E+13,,,PROC_MTHD_TYCD
CMMN_CD00219,LMSBASIC,KO,MANL,2,수동,,,,,Y,admin,2.02512E+13,,,PROC_MTHD_TYCD
CMMN_CD00220,LMSBASIC,KO,AUTO,3,자동,,,,,Y,admin,2.02512E+13,,,PROC_MTHD_TYCD
CMMN_CD00221,LMSBASIC,KO,DSCS_TYCD,0,토론유형,,,,,Y,admin,2.02512E+13,,,DSCS_TYCD
CMMN_CD00222,LMSBASIC,KO,OPEN,1,자유토론,,,,,Y,admin,2.02512E+13,,,DSCS_TYCD
CMMN_CD00223,LMSBASIC,KO,PANEL,2,패널토론,,,,,Y,admin,2.02512E+13,,,DSCS_TYCD
CMMN_CD00224,LMSBASIC,KO,DEBATE,3,찬반토론,,,,,Y,admin,2.02512E+13,,,DSCS_TYCD
CMMN_CD00225,LMSBASIC,KO,OX,4,OX토론,,,,,Y,admin,2.02512E+13,,,DSCS_TYCD
CMMN_CD00226,LMSBASIC,KO,GRP,5,그룹토론,,,,,Y,admin,2.02512E+13,,,DSCS_TYCD
CMMN_CD00227,LMSBASIC,KO,FORUM,6,포럼,,,,,Y,admin,2.02512E+13,,,DSCS_TYCD
CMMN_CD00228,LMSBASIC,KO,ROUND,7,원탁토론,,,,,Y,admin,2.02512E+13,,,DSCS_TYCD
CMMN_CD00229,LMSBASIC,KO,PEER_EVL,8,동료평가토론,,,,,Y,admin,2.02512E+13,,,DSCS_TYCD
CMMN_CD00230,LMSBASIC,KO,DSCS_GBNCD,0,토론구분코드,,,,,Y,admin,2.02512E+13,,,DSCS_GBNCD
CMMN_CD00231,LMSBASIC,KO,INDV,1,개인,,,,,Y,admin,2.02512E+13,,,DSCS_GBNCD
CMMN_CD00232,LMSBASIC,KO,TEAM,2,팀,,,,,Y,admin,2.02512E+13,,,DSCS_GBNCD
CMMN_CD00233,LMSBASIC,KO,EXAM,3,시험,,,,,Y,admin,2.02512E+13,,,DSCS_GBNCD
CMMN_CD00234,LMSBASIC,KO,SBST,4,대체,,,,,Y,admin,2.02512E+13,,,DSCS_GBNCD
CMMN_CD00235,LMSBASIC,KO,EMT_TYCD,0,이모티콘유형코드,,,,,Y,admin,2.02512E+13,,,EMT_TYCD
CMMN_CD00236,LMSBASIC,KO,SMILE,1,스마일,,,,,Y,admin,2.02512E+13,,,EMT_TYCD
CMMN_CD00237,LMSBASIC,KO,LIKE,2,좋아요,,,,,Y,admin,2.02512E+13,,,EMT_TYCD
CMMN_CD00238,LMSBASIC,KO,DISLIKE,3,싫어요,,,,,Y,admin,2.02512E+13,,,EMT_TYCD
CMMN_CD00239,LMSBASIC,KO,RECMMN,4,추천,,,,,Y,admin,2.02512E+13,,,EMT_TYCD
CMMN_CD00240,LMSBASIC,KO,ANGRY,5,화나요,,,,,Y,admin,2.02512E+13,,,EMT_TYCD
CMMN_CD00241,LMSBASIC,KO,SAD,6,슬퍼요,,,,,Y,admin,2.02512E+13,,,EMT_TYCD
CMMN_CD00242,LMSBASIC,KO,HAPPY,7,행복해요,,,,,Y,admin,2.02512E+13,,,EMT_TYCD
CMMN_CD00243,LMSBASIC,KO,SURPRISE,8,놀라워요,,,,,Y,admin,2.02512E+13,,,EMT_TYCD
CMMN_CD00244,LMSBASIC,KO,FEAR,9,무서워요,,,,,Y,admin,2.02512E+13,,,EMT_TYCD
CMMN_CD00245,LMSBASIC,KO,LOVE,10,사랑해요,,,,,Y,admin,2.02512E+13,,,EMT_TYCD
CMMN_CD00246,LMSBASIC,KO,BORING,11,지루해요,,,,,Y,admin,2.02512E+13,,,EMT_TYCD
CMMN_CD00247,LMSBASIC,KO,SHY,12,부끄러워요,,,,,Y,admin,2.02512E+13,,,EMT_TYCD
CMMN_CD00248,LMSBASIC,KO,EVL_TRGTR_GBNCD,0,평가대상자구분코드,,,,,Y,admin,2.02512E+13,,,EVL_TRGTR_GBNCD
CMMN_CD00249,LMSBASIC,KO,PROF,1,교수,,,,,Y,admin,2.02512E+13,,,EVL_TRGTR_GBNCD
CMMN_CD00250,LMSBASIC,KO,ASSI,2,조교,,,,,Y,admin,2.02512E+13,,,EVL_TRGTR_GBNCD
CMMN_CD00251,LMSBASIC,KO,TUT,3,튜터,,,,,Y,admin,2.02512E+13,,,EVL_TRGTR_GBNCD
CMMN_CD00252,LMSBASIC,KO,ASSI_OP_SCR_TYCD,0,조교운영점수유형,,,,,Y,admin,2.02512E+13,,,ASSI_OP_SCR_TYCD
CMMN_CD00253,LMSBASIC,KO,MINUS_WKREPORT_NOT_ENROLL,1,[조교]주간운영보고서미등록감점,,,,,Y,admin,2.02512E+13,,,ASSI_OP_SCR_TYCD
CMMN_CD00254,LMSBASIC,KO,MINUS_CONTENTS_UNCHK,2,[조교]콘텐츠미검수감점,,,,,Y,admin,2.02512E+13,,,ASSI_OP_SCR_TYCD
CMMN_CD00255,LMSBASIC,KO,MINUS_LCTRQNA_NOANS_IN72,3,[조교]강의QnA72시간미답변건당감점,,,,,Y,admin,2.02512E+13,,,ASSI_OP_SCR_TYCD
CMMN_CD00256,LMSBASIC,KO,MINUS_1ON1_NOANS_IN72,4,[조교]1:1상담72시간미답변건당감점,,,,,Y,admin,2.02512E+13,,,ASSI_OP_SCR_TYCD
CMMN_CD00257,LMSBASIC,KO,PLUS_BYCNT_EML,5,[조교]메일발송건당가점,,,,,Y,admin,2.02512E+13,,,ASSI_OP_SCR_TYCD
CMMN_CD00258,LMSBASIC,KO,PLUS_BYCNT_SMS,6,[조교]SMS발송건당가점,,,,,Y,admin,2.02512E+13,,,ASSI_OP_SCR_TYCD
CMMN_CD00259,LMSBASIC,KO,PLUS_BYCNT_PUSH,7,[조교]PUSH발송건당가점,,,,,Y,admin,2.02512E+13,,,ASSI_OP_SCR_TYCD
CMMN_CD00260,LMSBASIC,KO,PLUS_BYCNT_SHRTNT,8,[조교]쪽지발송건당가점,,,,,Y,admin,2.02512E+13,,,ASSI_OP_SCR_TYCD
CMMN_CD00261,LMSBASIC,KO,PLUS_BYCNT_LCTRDATA,9,[조교]강의자료실건당가점,,,,,Y,admin,2.02512E+13,,,ASSI_OP_SCR_TYCD
CMMN_CD00262,LMSBASIC,KO,PROF_OP_SCR_TYCD,0,교수운영점수유형,,,,,Y,admin,2.02512E+13,,,PROF_OP_SCR_TYCD
CMMN_CD00263,LMSBASIC,KO,MINUS_PLANDOC_INPUT_PRD,1,[교수]수업계획서입력기간준수감점,,,,,Y,admin,2.02512E+13,,,PROF_OP_SCR_TYCD
CMMN_CD00264,LMSBASIC,KO,MINUS_TOTAL_MRKCALC_INPUT_PRD,2,[교수]종합성적산출기간미준수감점,,,,,Y,admin,2.02512E+13,,,PROF_OP_SCR_TYCD
CMMN_CD00265,LMSBASIC,KO,PLUS_EVL_CRTR_USE,3,[교수]평가기준활용가점,,,,,Y,admin,2.02512E+13,,,PROF_OP_SCR_TYCD
CMMN_CD00266,LMSBASIC,KO,MINUS_EVL_CRTR_MOD,4,[교수]평가기준정정감점,,,,,Y,admin,2.02512E+13,,,PROF_OP_SCR_TYCD
CMMN_CD00267,LMSBASIC,KO,PLUS_BYCNT_NTC,5,[교수]공지사항건당가점,,,,,Y,admin,2.02512E+13,,,PROF_OP_SCR_TYCD
CMMN_CD00268,LMSBASIC,KO,MINUS_LCTRQNA_NOANS_IN72,6,[교수]강의QnAA72시간미답변건당감점,,,,,Y,admin,2.02512E+13,,,PROF_OP_SCR_TYCD
CMMN_CD00269,LMSBASIC,KO,MINUS_1ON1_NOANS_IN72,7,[교수]1:1상담72시간미답변건당감점,,,,,Y,admin,2.02512E+13,,,PROF_OP_SCR_TYCD
CMMN_CD00270,LMSBASIC,KO,PLUS_BYCNT_LRN_ENCRG_EML,8,[교수]학습독려메일발송건당가점,,,,,Y,admin,2.02512E+13,,,PROF_OP_SCR_TYCD
CMMN_CD00271,LMSBASIC,KO,PLUS_BYCNT_LRN_ENCRG_SMS,9,[교수]학습독려SMS발송건당가점,,,,,Y,admin,2.02512E+13,,,PROF_OP_SCR_TYCD
CMMN_CD00272,LMSBASIC,KO,PLUS_BYCNT_LRN_ENCRG_PUSH,10,[교수]학습독려PUSH발송건당가점,,,,,Y,admin,2.02512E+13,,,PROF_OP_SCR_TYCD
CMMN_CD00273,LMSBASIC,KO,PLUS_BYCNT_LRN_ENCRG_SHRTNT,11,[교수]학습독려쪽지발송건당가점,,,,,Y,admin,2.02512E+13,,,PROF_OP_SCR_TYCD
CMMN_CD00274,LMSBASIC,KO,MINUS_EXAMQSTNS_CHK_DELAY,12,[교수]시험출제및검수지연감점,,,,,Y,admin,2.02512E+13,,,PROF_OP_SCR_TYCD
CMMN_CD00275,LMSBASIC,KO,PLUS_EXAMQSNTS_2X,13,[교수]시험배수출제가점,,,,,Y,admin,2.02512E+13,,,PROF_OP_SCR_TYCD
CMMN_CD00276,LMSBASIC,KO,MINUS_EXAMQSNTS_DUP,14,[교수]시험중복출제감점,,,,,Y,admin,2.02512E+13,,,PROF_OP_SCR_TYCD
CMMN_CD00277,LMSBASIC,KO,ABSNCE_APLY_STSCD,0,결시신청상태코드,,,,,Y,admin,2.02512E+13,,,ABSNCE_APLY_STSCD
CMMN_CD00278,LMSBASIC,KO,APLY,1,신청,,,,,Y,admin,2.02512E+13,,,ABSNCE_APLY_STSCD
CMMN_CD00279,LMSBASIC,KO,RE_APLY,2,재신청,,,,,Y,admin,2.02512E+13,,,ABSNCE_APLY_STSCD
CMMN_CD00280,LMSBASIC,KO,APRV,3,승인,,,,,Y,admin,2.02512E+13,,,ABSNCE_APLY_STSCD
CMMN_CD00281,LMSBASIC,KO,RJCT,4,거절,,,,,Y,admin,2.02512E+13,,,ABSNCE_APLY_STSCD
CMMN_CD00282,LMSBASIC,KO,QSTN_DSPLY_GBNCD,0,문항화면표시구분코드,,,,,Y,admin,2.02512E+13,,,QSTN_DSPLY_GBNCD
CMMN_CD00283,LMSBASIC,KO,WHOL,1,전체화면표시,,,,,Y,admin,2.02512E+13,,,QSTN_DSPLY_GBNCD
CMMN_CD00284,LMSBASIC,KO,EACH,2,한문제씩표시,,,,,Y,admin,2.02512E+13,,,QSTN_DSPLY_GBNCD
CMMN_CD00285,LMSBASIC,KO,TKEXAM_MTHD_CD,0,응시방법코드,,,,,Y,admin,2.02512E+13,,,TKEXAM_MTHD_CD
CMMN_CD00286,LMSBASIC,KO,OFLN,1,오프라인시험,,,,,Y,admin,2.02512E+13,,,TKEXAM_MTHD_CD
CMMN_CD00287,LMSBASIC,KO,ONLN,2,온라인시험,,,,,Y,admin,2.02512E+13,,,TKEXAM_MTHD_CD
CMMN_CD00288,LMSBASIC,KO,RLTM,3,실시간시험,,,,,Y,admin,2.02512E+13,,,TKEXAM_MTHD_CD
CMMN_CD00289,LMSBASIC,KO,ETC,4,기타,,,,,Y,admin,2.02512E+13,,,TKEXAM_MTHD_CD
CMMN_CD00290,LMSBASIC,KO,EXAM_TYCD,0,시험유형코드,,,,,Y,admin,2.02512E+13,,,EXAM_TYCD
CMMN_CD00291,LMSBASIC,KO,MIDEXAM,1,중간고사,,,,,Y,admin,2.02512E+13,,,EXAM_TYCD
CMMN_CD00292,LMSBASIC,KO,LSTEXAM,2,기말고사,,,,,Y,admin,2.02512E+13,,,EXAM_TYCD
CMMN_CD00293,LMSBASIC,KO,EXAM,3,시험,,,,,Y,admin,2.02512E+13,,,EXAM_TYCD
CMMN_CD00294,LMSBASIC,KO,QUIZ,4,퀴즈,,,,,Y,admin,2.02512E+13,,,EXAM_TYCD
CMMN_CD00295,LMSBASIC,KO,ETC,5,기타,,,,,Y,admin,2.02512E+13,,,EXAM_TYCD
CMMN_CD00296,LMSBASIC,KO,SHRTNT_EXAM,6,쪽지시험,,,,,Y,admin,2.02512E+13,,,EXAM_TYCD
CMMN_CD00297,LMSBASIC,KO,EXAM_WRT_STSCD,0,시험작성상태코드,,,,,Y,admin,2.02512E+13,,,EXAM_WRT_STSCD
CMMN_CD00298,LMSBASIC,KO,WRT_CMPTN,1,작성완료,,,,,Y,admin,2.02512E+13,,,EXAM_WRT_STSCD
CMMN_CD00299,LMSBASIC,KO,WRT_ING,2,작성중,,,,,Y,admin,2.02512E+13,,,EXAM_WRT_STSCD
CMMN_CD00300,LMSBASIC,KO,EXAMTM_EXPSR_TYCD,0,시험시간노출유형,,,,,Y,admin,2.02512E+13,,,EXAMTM_EXPSR_TYCD
CMMN_CD00301,LMSBASIC,KO,LEFT,1,왼쪽,,,,,Y,admin,2.02512E+13,,,EXAMTM_EXPSR_TYCD
CMMN_CD00302,LMSBASIC,KO,TOP,2,상단,,,,,Y,admin,2.02512E+13,,,EXAMTM_EXPSR_TYCD
CMMN_CD00303,LMSBASIC,KO,BOTTOM,3,하단,,,,,Y,admin,2.02512E+13,,,EXAMTM_EXPSR_TYCD
CMMN_CD00304,LMSBASIC,KO,RIGHT,4,오른쪽,,,,,Y,admin,2.02512E+13,,,EXAMTM_EXPSR_TYCD
CMMN_CD00305,LMSBASIC,KO,PRGR_BAR,5,프로그레스바,,,,,Y,admin,2.02512E+13,,,EXAMTM_EXPSR_TYCD
CMMN_CD00306,LMSBASIC,KO,EXAMTM_ALLOC_GBNCD,0,시험시간배정구분코드,,,,,Y,admin,2.02512E+13,,,EXAMTM_ALLOC_GBNCD
CMMN_CD00307,LMSBASIC,KO,REMAINDER,1,남은시간배정,,,,,Y,admin,2.02512E+13,,,EXAMTM_ALLOC_GBNCD
CMMN_CD00308,LMSBASIC,KO,WHOLE,2,전체시간배정,,,,,Y,admin,2.02512E+13,,,EXAMTM_ALLOC_GBNCD
CMMN_CD00309,LMSBASIC,KO,CNCL_APLY_STSCD,0,취소신청상태코드,,,,,Y,admin,2.02512E+13,,,CNCL_APLY_STSCD
CMMN_CD00310,LMSBASIC,KO,CNCL_APLY,1,취소신청,,,,,Y,admin,2.02512E+13,,,CNCL_APLY_STSCD
CMMN_CD00311,LMSBASIC,KO,CNCL_APRV,2,취소승인,,,,,Y,admin,2.02512E+13,,,CNCL_APLY_STSCD
CMMN_CD00312,LMSBASIC,KO,LCTR_WKNO_CD,0,강의주차코드,,,,,Y,admin,2.02512E+13,,,LCTR_WKNO_CD
CMMN_CD00313,LMSBASIC,KO,WK01,1,강의1주차,,,,,Y,admin,2.02512E+13,,,LCTR_WKNO_CD
CMMN_CD00314,LMSBASIC,KO,WK02,2,강의2주차,,,,,Y,admin,2.02512E+13,,,LCTR_WKNO_CD
CMMN_CD00315,LMSBASIC,KO,WK03,3,강의3주차,,,,,Y,admin,2.02512E+13,,,LCTR_WKNO_CD
CMMN_CD00316,LMSBASIC,KO,WK04,4,강의4주차,,,,,Y,admin,2.02512E+13,,,LCTR_WKNO_CD
CMMN_CD00317,LMSBASIC,KO,WK05,5,강의5주차,,,,,Y,admin,2.02512E+13,,,LCTR_WKNO_CD
CMMN_CD00318,LMSBASIC,KO,WK06,6,강의6주차,,,,,Y,admin,2.02512E+13,,,LCTR_WKNO_CD
CMMN_CD00319,LMSBASIC,KO,WK07,7,강의7주차,,,,,Y,admin,2.02512E+13,,,LCTR_WKNO_CD
CMMN_CD00320,LMSBASIC,KO,WK08,8,강의8주차,,,,,Y,admin,2.02512E+13,,,LCTR_WKNO_CD
CMMN_CD00321,LMSBASIC,KO,WK09,9,강의9주차,,,,,Y,admin,2.02512E+13,,,LCTR_WKNO_CD
CMMN_CD00322,LMSBASIC,KO,WK10,10,강의10주차,,,,,Y,admin,2.02512E+13,,,LCTR_WKNO_CD
CMMN_CD00323,LMSBASIC,KO,WK11,11,강의11주차,,,,,Y,admin,2.02512E+13,,,LCTR_WKNO_CD
CMMN_CD00324,LMSBASIC,KO,WK12,12,강의12주차,,,,,Y,admin,2.02512E+13,,,LCTR_WKNO_CD
CMMN_CD00325,LMSBASIC,KO,WK13,13,강의13주차,,,,,Y,admin,2.02512E+13,,,LCTR_WKNO_CD
CMMN_CD00326,LMSBASIC,KO,WK14,14,강의14주차,,,,,Y,admin,2.02512E+13,,,LCTR_WKNO_CD
CMMN_CD00327,LMSBASIC,KO,WK15,15,강의15주차,,,,,Y,admin,2.02512E+13,,,LCTR_WKNO_CD
CMMN_CD00328,LMSBASIC,KO,WK16,16,강의16주차,,,,,Y,admin,2.02512E+13,,,LCTR_WKNO_CD
CMMN_CD00329,LMSBASIC,KO,WK17,17,강의17주차,,,,,Y,admin,2.02512E+13,,,LCTR_WKNO_CD
CMMN_CD00330,LMSBASIC,KO,WK18,18,강의18주차,,,,,Y,admin,2.02512E+13,,,LCTR_WKNO_CD
CMMN_CD00331,LMSBASIC,KO,WK19,19,강의19주차,,,,,Y,admin,2.02512E+13,,,LCTR_WKNO_CD
CMMN_CD00332,LMSBASIC,KO,WK20,20,강의20주차,,,,,Y,admin,2.02512E+13,,,LCTR_WKNO_CD
CMMN_CD00333,LMSBASIC,KO,WK21,21,강의21주차,,,,,Y,admin,2.02512E+13,,,LCTR_WKNO_CD
CMMN_CD00334,LMSBASIC,KO,WK22,22,강의22주차,,,,,Y,admin,2.02512E+13,,,LCTR_WKNO_CD
CMMN_CD00335,LMSBASIC,KO,WK23,23,강의23주차,,,,,Y,admin,2.02512E+13,,,LCTR_WKNO_CD
CMMN_CD00336,LMSBASIC,KO,WK24,24,강의24주차,,,,,Y,admin,2.02512E+13,,,LCTR_WKNO_CD
CMMN_CD00337,LMSBASIC,KO,WK25,25,강의25주차,,,,,Y,admin,2.02512E+13,,,LCTR_WKNO_CD
CMMN_CD00338,LMSBASIC,KO,CNTN_DVC_TYCD,0,접속기기유형코드,,,,,Y,admin,2.02512E+13,,,CNTN_DVC_TYCD
CMMN_CD00339,LMSBASIC,KO,PC,1,PC,,,,,Y,admin,2.02512E+13,,,CNTN_DVC_TYCD
CMMN_CD00340,LMSBASIC,KO,MBL,2,모바일,,,,,Y,admin,2.02512E+13,,,CNTN_DVC_TYCD
CMMN_CD00341,LMSBASIC,KO,TBLT,3,태블릿,,,,,Y,admin,2.02512E+13,,,CNTN_DVC_TYCD
CMMN_CD00342,LMSBASIC,KO,STV,4,스마트TV,,,,,Y,admin,2.02512E+13,,,CNTN_DVC_TYCD
CMMN_CD00343,LMSBASIC,KO,SWATCH,5,스마트WATCH,,,,,Y,admin,2.02512E+13,,,CNTN_DVC_TYCD
CMMN_CD00344,LMSBASIC,KO,ETC,6,기타,,,,,Y,admin,2.02512E+13,,,CNTN_DVC_TYCD
CMMN_CD00345,LMSBASIC,KO,USER_PRFIL_STSCD,0,사용자프로필상태코드,,,,,Y,admin,2.02512E+13,,,USER_PRFIL_STSCD
CMMN_CD00346,LMSBASIC,KO,ACTV,1,정상,,,,,Y,admin,2.02512E+13,,,USER_PRFIL_STSCD
CMMN_CD00347,LMSBASIC,KO,INACTV,2,휴면,,,,,Y,admin,2.02512E+13,,,USER_PRFIL_STSCD
CMMN_CD00348,LMSBASIC,KO,DORMANT,3,장기휴면 - 추가인증필요,,,,,Y,admin,2.02512E+13,,,USER_PRFIL_STSCD
CMMN_CD00349,LMSBASIC,KO,BLOCKED,4,이용제한 (규정위반으로 서비스제한),,,,,Y,admin,2.02512E+13,,,USER_PRFIL_STSCD
CMMN_CD00350,LMSBASIC,KO,SUSPENDED,5,활동정지 (임시정지),,,,,Y,admin,2.02512E+13,,,USER_PRFIL_STSCD
CMMN_CD00351,LMSBASIC,KO,WITHDRAW,6,탈퇴,,,,,Y,admin,2.02512E+13,,,USER_PRFIL_STSCD
CMMN_CD00352,LMSBASIC,KO,PEDING,7,승인대기,,,,,Y,admin,2.02512E+13,,,USER_PRFIL_STSCD
CMMN_CD00353,LMSBASIC,KO,REJECT,8,거절,,,,,Y,admin,2.02512E+13,,,USER_PRFIL_STSCD
CMMN_CD00354,LMSBASIC,KO,DELETED,9,계정삭제,,,,,Y,admin,2.02512E+13,,,USER_PRFIL_STSCD
CMMN_CD00355,LMSBASIC,KO,TEMP,10,임시,,,,,Y,admin,2.02512E+13,,,USER_PRFIL_STSCD
CMMN_CD00356,LMSBASIC,KO,BANNED,11,영구정지,,,,,Y,admin,2.02512E+13,,,USER_PRFIL_STSCD
CMMN_CD00357,LMSBASIC,KO,DSBL_GRDCD,0,장애등급코드,,,,,Y,admin,2.02512E+13,,,DSBL_GRDCD
CMMN_CD00358,LMSBASIC,KO,DSBL_GRD1,1,1급,,,,,Y,admin,2.02512E+13,,,DSBL_GRDCD
CMMN_CD00359,LMSBASIC,KO,DSBL_GRD2,2,2급,,,,,Y,admin,2.02512E+13,,,DSBL_GRDCD
CMMN_CD00360,LMSBASIC,KO,DSBL_GRD3,3,3급,,,,,Y,admin,2.02512E+13,,,DSBL_GRDCD
CMMN_CD00361,LMSBASIC,KO,DSBL_GRD4,4,4급,,,,,Y,admin,2.02512E+13,,,DSBL_GRDCD
CMMN_CD00362,LMSBASIC,KO,DSBL_GRD5,5,5급,,,,,Y,admin,2.02512E+13,,,DSBL_GRDCD
CMMN_CD00363,LMSBASIC,KO,DSBL_GRD6,6,6급,,,,,Y,admin,2.02512E+13,,,DSBL_GRDCD
CMMN_CD00364,LMSBASIC,KO,DSBL_TYCD,0,장애유형코드,,,,,Y,admin,2.02512E+13,,,DSBL_TYCD
CMMN_CD00365,LMSBASIC,KO,PHYSICL,1,지체장애,,,,,Y,admin,2.02512E+13,,,DSBL_TYCD
CMMN_CD00366,LMSBASIC,KO,BRAIN,2,뇌변병장애,,,,,Y,admin,2.02512E+13,,,DSBL_TYCD
CMMN_CD00367,LMSBASIC,KO,VISUAL,3,시각장애,,,,,Y,admin,2.02512E+13,,,DSBL_TYCD
CMMN_CD00368,LMSBASIC,KO,HEARING,4,청각장애,,,,,Y,admin,2.02512E+13,,,DSBL_TYCD
CMMN_CD00369,LMSBASIC,KO,SPEECH,5,언어장애,,,,,Y,admin,2.02512E+13,,,DSBL_TYCD
CMMN_CD00370,LMSBASIC,KO,FACIAL,6,안면장애,,,,,Y,admin,2.02512E+13,,,DSBL_TYCD
CMMN_CD00371,LMSBASIC,KO,KIDNEY,7,신장장애,,,,,Y,admin,2.02512E+13,,,DSBL_TYCD
CMMN_CD00372,LMSBASIC,KO,HEART,8,심장장애,,,,,Y,admin,2.02512E+13,,,DSBL_TYCD
CMMN_CD00373,LMSBASIC,KO,LIVER,9,간장애,,,,,Y,admin,2.02512E+13,,,DSBL_TYCD
CMMN_CD00374,LMSBASIC,KO,RESPIRATORY,10,호흡기장애,,,,,Y,admin,2.02512E+13,,,DSBL_TYCD
CMMN_CD00375,LMSBASIC,KO,OST-URI-DIVERION,11,장루요루장애,,,,,Y,admin,2.02512E+13,,,DSBL_TYCD
CMMN_CD00376,LMSBASIC,KO,EPILEPSY,12,뇌전증장애,,,,,Y,admin,2.02512E+13,,,DSBL_TYCD
CMMN_CD00377,LMSBASIC,KO,INTELLECTUAL,13,지적장애,,,,,Y,admin,2.02512E+13,,,DSBL_TYCD
CMMN_CD00378,LMSBASIC,KO,AUTISTIC,14,자폐성장애,,,,,Y,admin,2.02512E+13,,,DSBL_TYCD
CMMN_CD00379,LMSBASIC,KO,MENTAL,15,정신장애,,,,,Y,admin,2.02512E+13,,,DSBL_TYCD
CMMN_CD00380,LMSBASIC,KO,ETC,99,기타장애,,,,,Y,admin,2.02512E+13,,,DSBL_TYCD
CMMN_CD00381,LMSBASIC,KO,SMSTR_CD,0,학기코드,,,,,Y,admin,2.02512E+13,,,SMSTR_TYCD
CMMN_CD00382,LMSBASIC,KO,FRST_SMSTR,1,1학기,,,,,Y,admin,2.02512E+13,,,SMSTR_TYCD
CMMN_CD00383,LMSBASIC,KO,SCND_SMSTR,2,2학기,,,,,Y,admin,2.02512E+13,,,SMSTR_TYCD
CMMN_CD00384,LMSBASIC,KO,THRD_SMSTR,3,3학기,,,,,Y,admin,2.02512E+13,,,SMSTR_TYCD
CMMN_CD00385,LMSBASIC,KO,FRTH_SMSTR,4,4학기,,,,,Y,admin,2.02512E+13,,,SMSTR_TYCD
CMMN_CD00386,LMSBASIC,KO,SMMR_SMSTR,5,여름학기,,,,,Y,admin,2.02512E+13,,,SMSTR_TYCD
CMMN_CD00387,LMSBASIC,KO,WNTR_SMSTR,6,겨울학기,,,,,Y,admin,2.02512E+13,,,SMSTR_TYCD
CMMN_CD00388,LMSBASIC,KO,WK_SMSTR,7,주단위학기,,,,,Y,admin,2.02512E+13,,,SMSTR_TYCD
CMMN_CD00389,LMSBASIC,KO,MNTH_SMTR,8,월단위학기,,,,,Y,admin,2.02512E+13,,,SMSTR_TYCD
CMMN_CD00390,LMSBASIC,KO,LCTR_GBNCD,0,강의구분코드,,,,,Y,admin,2.02512E+13,,,LCTR_GBNCD
CMMN_CD00391,LMSBASIC,KO,ONLN_LCTR,1,온라인강의,,,,,Y,admin,2.02512E+13,,,LCTR_GBNCD
CMMN_CD00392,LMSBASIC,KO,OFLN_LCTR,2,오프라인강의,,,,,Y,admin,2.02512E+13,,,LCTR_GBNCD
CMMN_CD00393,LMSBASIC,KO,VDO_LCTR,3,동영상강의,,,,,Y,admin,2.02512E+13,,,LCTR_GBNCD
CMMN_CD00394,LMSBASIC,KO,MIX_LCTR,4,혼합강의,,,,,Y,admin,2.02512E+13,,,LCTR_GBNCD
CMMN_CD00395,LMSBASIC,KO,LCTR_TYCD,0,강의유형코드,,,,,Y,admin,2.02512E+13,,,LCTR_TYCD
CMMN_CD00396,LMSBASIC,KO,LSTEXAM,1,기말고사,,,,,Y,admin,2.02512E+13,,,LCTR_TYCD
CMMN_CD00397,LMSBASIC,KO,SRVY,2,설문,,,,,Y,admin,2.02512E+13,,,LCTR_TYCD
CMMN_CD00398,LMSBASIC,KO,SMNR,3,세미나,,,,,Y,admin,2.02512E+13,,,LCTR_TYCD
CMMN_CD00399,LMSBASIC,KO,EXAM,4,시험,,,,,Y,admin,2.02512E+13,,,LCTR_TYCD
CMMN_CD00400,LMSBASIC,KO,PRCTC,5,실험실습,,,,,Y,admin,2.02512E+13,,,LCTR_TYCD
CMMN_CD00401,LMSBASIC,KO,EXTRNL_LCTR,6,외부특강,,,,,Y,admin,2.02512E+13,,,LCTR_TYCD
CMMN_CD00402,LMSBASIC,KO,WRKSHP,7,워크샵,,,,,Y,admin,2.02512E+13,,,LCTR_TYCD
CMMN_CD00403,LMSBASIC,KO,MIDEXAM,8,중간고사,,,,,Y,admin,2.02512E+13,,,LCTR_TYCD
CMMN_CD00404,LMSBASIC,KO,LCTR_CONTS,9,콘텐츠강의,,,,,Y,admin,2.02512E+13,,,LCTR_TYCD
CMMN_CD00405,LMSBASIC,KO,QUIZ,10,퀴즈,,,,,Y,admin,2.02512E+13,,,LCTR_TYCD
CMMN_CD00406,LMSBASIC,KO,DSCS,11,토론,,,,,Y,admin,2.02512E+13,,,LCTR_TYCD
CMMN_CD00407,LMSBASIC,KO,PRJCT,12,프로젝트,,,,,Y,admin,2.02512E+13,,,LCTR_TYCD
CMMN_CD00408,LMSBASIC,KO,REQ_TYCD,0,요청유형코드,,,,,Y,admin,2.02512E+13,,,REQ_TYCD
CMMN_CD00409,LMSBASIC,KO,POST,1,POST,,,,,Y,admin,2.02512E+13,,,REQ_TYCD
CMMN_CD00410,LMSBASIC,KO,GET,2,GET,,,,,Y,admin,2.02512E+13,,,REQ_TYCD
CMMN_CD00411,LMSBASIC,KO,DELETE,3,DELETE,,,,,Y,admin,2.02512E+13,,,REQ_TYCD
CMMN_CD00412,LMSBASIC,KO,PUT,4,PUT,,,,,Y,admin,2.02512E+13,,,REQ_TYCD
CMMN_CD00413,LMSBASIC,KO,HEAD,5,HEAD,,,,,Y,admin,2.02512E+13,,,REQ_TYCD
CMMN_CD00414,LMSBASIC,KO,OPTIONS,6,OPTIONS,,,,,Y,admin,2.02512E+13,,,REQ_TYCD
CMMN_CD00415,LMSBASIC,KO,CONNECT,7,CONNECT,,,,,Y,admin,2.02512E+13,,,REQ_TYCD
CMMN_CD00416,LMSBASIC,KO,PATCH,8,PATCH,,,,,Y,admin,2.02512E+13,,,REQ_TYCD
CMMN_CD00417,LMSBASIC,KO,CONTS_LRN_STSCD,0,컨텐츠학습상태코드,,,,,Y,admin,2.02512E+13,,,CONTS_LRN_STSCD
CMMN_CD00418,LMSBASIC,KO,LRN_CMPTN,1,학습완료,,,,,Y,admin,2.02512E+13,,,CONTS_LRN_STSCD
CMMN_CD00419,LMSBASIC,KO,LRN_ING,2,학습중,,,,,Y,admin,2.02512E+13,,,CONTS_LRN_STSCD
CMMN_CD00420,LMSBASIC,KO,ABSNT,3,결석,,,,,Y,admin,2.02512E+13,,,CONTS_LRN_STSCD
CMMN_CD00421,LMSBASIC,KO,LATE,4,지각,,,,,Y,admin,2.02512E+13,,,CONTS_LRN_STSCD
CMMN_CD00422,LMSBASIC,KO,ACTV_GBNCD,0,활동구분코드,,,,,Y,admin,2.02512E+13,,,ACTV_GBNCD
CMMN_CD00423,LMSBASIC,KO,ACTV,1,활동,,,,,Y,admin,2.02512E+13,,,ACTV_GBNCD
CMMN_CD00424,LMSBASIC,KO,INACTV,2,비활동,,,,,Y,admin,2.02512E+13,,,ACTV_GBNCD
CMMN_CD00425,LMSBASIC,KO,MTL_EVL_ACTV_TYCD,0,상호평가활동유형코드,,,,,Y,admin,2.02512E+13,,,MTL_EVL_ACTV_TYCD
CMMN_CD00426,LMSBASIC,KO,ASMT,1,과제,,,,,Y,admin,2.02512E+13,,,MTL_EVL_ACTV_TYCD
CMMN_CD00427,LMSBASIC,KO,ETC,2,기타,,,,,Y,admin,2.02512E+13,,,MTL_EVL_ACTV_TYCD
CMMN_CD00428,LMSBASIC,KO,SRVY,3,설문,,,,,Y,admin,2.02512E+13,,,MTL_EVL_ACTV_TYCD
CMMN_CD00429,LMSBASIC,KO,SMNR,4,세미나,,,,,Y,admin,2.02512E+13,,,MTL_EVL_ACTV_TYCD
CMMN_CD00430,LMSBASIC,KO,EXAM,5,시험,,,,,Y,admin,2.02512E+13,,,MTL_EVL_ACTV_TYCD
CMMN_CD00431,LMSBASIC,KO,QUIZ,6,퀴즈,,,,,Y,admin,2.02512E+13,,,MTL_EVL_ACTV_TYCD
CMMN_CD00432,LMSBASIC,KO,QUIZSMNR,7,퀴즈및설문,,,,,Y,admin,2.02512E+13,,,MTL_EVL_ACTV_TYCD
CMMN_CD00433,LMSBASIC,KO,DSCS,8,토론,,,,,Y,admin,2.02512E+13,,,MTL_EVL_ACTV_TYCD
CMMN_CD00434,LMSBASIC,KO,MRK_ACTV_TYCD,0,성적활동유형코드,,,,,Y,admin,2.02512E+13,,,MRK_ACTV_TYCD
CMMN_CD00435,LMSBASIC,KO,LCTR,1,강의,,,,,Y,admin,2.02512E+13,,,MRK_ACTV_TYCD
CMMN_CD00436,LMSBASIC,KO,BBS,2,게시판,,,,,Y,admin,2.02512E+13,,,MRK_ACTV_TYCD
CMMN_CD00437,LMSBASIC,KO,ASMT,3,과제,,,,,Y,admin,2.02512E+13,,,MRK_ACTV_TYCD
CMMN_CD00438,LMSBASIC,KO,LSTEXAM,4,기말고사,,,,,Y,admin,2.02512E+13,,,MRK_ACTV_TYCD
CMMN_CD00439,LMSBASIC,KO,ETC,5,기타,,,,,Y,admin,2.02512E+13,,,MRK_ACTV_TYCD
CMMN_CD00440,LMSBASIC,KO,CNTNS_EXAM,6,상시평가,,,,,Y,admin,2.02512E+13,,,MRK_ACTV_TYCD
CMMN_CD00441,LMSBASIC,KO,SRVY,7,설문,,,,,Y,admin,2.02512E+13,,,MRK_ACTV_TYCD
CMMN_CD00442,LMSBASIC,KO,SMNR,8,세미나,,,,,Y,admin,2.02512E+13,,,MRK_ACTV_TYCD
CMMN_CD00443,LMSBASIC,KO,EXAM,9,시험,,,,,Y,admin,2.02512E+13,,,MRK_ACTV_TYCD
CMMN_CD00444,LMSBASIC,KO,MIDEXAM,10,중간고사,,,,,Y,admin,2.02512E+13,,,MRK_ACTV_TYCD
CMMN_CD00445,LMSBASIC,KO,QUIZ,11,퀴즈,,,,,Y,admin,2.02512E+13,,,MRK_ACTV_TYCD
CMMN_CD00446,LMSBASIC,KO,QUIZSMNR,12,퀴즈및설문,,,,,Y,admin,2.02512E+13,,,MRK_ACTV_TYCD
CMMN_CD00447,LMSBASIC,KO,DSCS,13,토론,,,,,Y,admin,2.02512E+13,,,MRK_ACTV_TYCD
CMMN_CD00448,LMSBASIC,KO,TEAM_ACTV,14,팀활동,,,,,Y,admin,2.02512E+13,,,MRK_ACTV_TYCD
CMMN_CD00449,LMSBASIC,KO,ATNDC_SCR,15,출석점수,,,,,Y,admin,2.02512E+13,,,MRK_ACTV_TYCD
CMMN_CD00450,LMSBASIC,KO,SCR_ACTV_TYCD,0,점수활동유형코드,,,,,Y,admin,2.02512E+13,,,SCR_ACTV_TYCD
CMMN_CD00451,LMSBASIC,KO,LCTR,1,강의,,,,,Y,admin,2.02512E+13,,,SCR_ACTV_TYCD
CMMN_CD00452,LMSBASIC,KO,BBS,2,게시판,,,,,Y,admin,2.02512E+13,,,SCR_ACTV_TYCD
CMMN_CD00453,LMSBASIC,KO,ASMT,3,과제,,,,,Y,admin,2.02512E+13,,,SCR_ACTV_TYCD
CMMN_CD00454,LMSBASIC,KO,LSTEXAM,4,기말고사,,,,,Y,admin,2.02512E+13,,,SCR_ACTV_TYCD
CMMN_CD00455,LMSBASIC,KO,ETC,5,기타,,,,,Y,admin,2.02512E+13,,,SCR_ACTV_TYCD
CMMN_CD00456,LMSBASIC,KO,CNTNS_EXAM,6,상시평가,,,,,Y,admin,2.02512E+13,,,SCR_ACTV_TYCD
CMMN_CD00457,LMSBASIC,KO,SRVY,7,설문,,,,,Y,admin,2.02512E+13,,,SCR_ACTV_TYCD
CMMN_CD00458,LMSBASIC,KO,SMNR,8,세미나,,,,,Y,admin,2.02512E+13,,,SCR_ACTV_TYCD
CMMN_CD00459,LMSBASIC,KO,EXAM,9,시험,,,,,Y,admin,2.02512E+13,,,SCR_ACTV_TYCD
CMMN_CD00460,LMSBASIC,KO,MIDEXAM,10,중간고사,,,,,Y,admin,2.02512E+13,,,SCR_ACTV_TYCD
CMMN_CD00461,LMSBASIC,KO,QUIZ,11,퀴즈,,,,,Y,admin,2.02512E+13,,,SCR_ACTV_TYCD
CMMN_CD00462,LMSBASIC,KO,QUIZSMNR,12,퀴즈및설문,,,,,Y,admin,2.02512E+13,,,SCR_ACTV_TYCD
CMMN_CD00463,LMSBASIC,KO,DSCS,13,토론,,,,,Y,admin,2.02512E+13,,,SCR_ACTV_TYCD
CMMN_CD00464,LMSBASIC,KO,TEAM_ACTV,14,팀활동,,,,,Y,admin,2.02512E+13,,,SCR_ACTV_TYCD
CMMN_CD00465,LMSBASIC,KO,ATNDC_SCR,15,출석점수,,,,,Y,admin,2.02512E+13,,,SCR_ACTV_TYCD
CMMN_CD00466,LMSBASIC,KO,RISK_GRDCD,0,위험등급코드,,,,,Y,admin,2.02512E+13,,,RISK_GRDCD
CMMN_CD00467,LMSBASIC,KO,RISK_GRDA,1,위험등급A,,,,,Y,admin,2.02512E+13,,,RISK_GRDCD
CMMN_CD00468,LMSBASIC,KO,RISK_GRDB,2,위험등급B,,,,,Y,admin,2.02512E+13,,,RISK_GRDCD
CMMN_CD00469,LMSBASIC,KO,RISK_GRDC,3,위험등급C,,,,,Y,admin,2.02512E+13,,,RISK_GRDCD
CMMN_CD00470,LMSBASIC,KO,RISK_GRDD,4,위험등급D,,,,,Y,admin,2.02512E+13,,,RISK_GRDCD
CMMN_CD00471,LMSBASIC,KO,USER_TYCD,0,사용자유형코드,,,,,Y,admin,2.02512E+13,,,USER_TYCD
CMMN_CD00472,LMSBASIC,KO,GUEST,1,"비회원(손님,게스트)",,,,,Y,admin,2.02512E+13,,,USER_TYCD
CMMN_CD00473,LMSBASIC,KO,STDNT,2,학생,,,,,Y,admin,2.02512E+13,,,USER_TYCD
CMMN_CD00474,LMSBASIC,KO,PROF,3,교수,,,,,Y,admin,2.02512E+13,,,USER_TYCD
CMMN_CD00475,LMSBASIC,KO,ASSI,4,조교,,,,,Y,admin,2.02512E+13,,,USER_TYCD
CMMN_CD00476,LMSBASIC,KO,TUT,5,튜터,,,,,Y,admin,2.02512E+13,,,USER_TYCD
CMMN_CD00477,LMSBASIC,KO,EMP,6,교직원,,,,,Y,admin,2.02512E+13,,,USER_TYCD
CMMN_CD00478,LMSBASIC,KO,TNCY_TYCD,0,테넌시유형코드,,,,,Y,admin,2.02512E+13,,,TNCY_TYCD
CMMN_CD00479,LMSBASIC,KO,GDSC,1,대학원,,,,,Y,admin,2.02512E+13,,,TNCY_TYCD
CMMN_CD00480,LMSBASIC,KO,GDSC_BIZ,2,경영대학원,,,,,Y,admin,2.02512E+13,,,TNCY_TYCD
CMMN_CD00481,LMSBASIC,KO,ACAD_DGRS_CRS,3,학사학위과정,,,,,Y,admin,2.02512E+13,,,TNCY_TYCD
CMMN_CD00482,LMSBASIC,KO,LIFELONG_EDU_CRS,4,평생교육과정,,,,,Y,admin,2.02512E+13,,,TNCY_TYCD
CMMN_CD00483,LMSBASIC,KO,TOTAL_EDU_TRAINING_INSTITU,5,종합교육연수원,,,,,Y,admin,2.02512E+13,,,TNCY_TYCD
CMMN_CD00484,LMSBASIC,KO,HUB_UNIV,6,허브대학,,,,,Y,admin,2.02512E+13,,,TNCY_TYCD
CMMN_CD00485,LMSBASIC,KO,NONRGLR_CRCLMN_CRS,7,비정규교과과정,,,,,Y,admin,2.02512E+13,,,TNCY_TYCD
CMMN_CD00486,LMSBASIC,KO,EXTRNL_OPEN_CRS,8,외부공개과정,,,,,Y,admin,2.02512E+13,,,TNCY_TYCD
CMMN_CD00487,LMSBASIC,KO,ORG_TYCD,0,기관유형코드,,,,,Y,admin,2.02512E+13,,,ORG_TYCD
CMMN_CD00488,LMSBASIC,KO,UNIV,1,대학교,,,,,Y,admin,2.02512E+13,,,ORG_TYCD
CMMN_CD00489,LMSBASIC,KO,GDSC,2,대학원,,,,,Y,admin,2.02512E+13,,,ORG_TYCD
CMMN_CD00490,LMSBASIC,KO,GNRL_ORG,3,일반기관,,,,,Y,admin,2.02512E+13,,,ORG_TYCD
CMMN_CD00491,LMSBASIC,KO,PBLC_ORG,4,공공기관,,,,,Y,admin,2.02512E+13,,,ORG_TYCD
CMMN_CD00492,LMSBASIC,KO,CMPNY,5,기업,,,,,Y,admin,2.02512E+13,,,ORG_TYCD
CMMN_CD00493,LMSBASIC,KO,EDU_CENTER,6,교육원,,,,,Y,admin,2.02512E+13,,,ORG_TYCD
CMMN_CD00494,LMSBASIC,KO,SRVC_TYCD,0,서비스유형코드,,,,,Y,admin,2.02512E+13,,,SRVC_TYCD
CMMN_CD00495,LMSBASIC,KO,ERP,1,ERP,,,,,Y,admin,2.02512E+13,,,SRVC_TYCD
CMMN_CD00496,LMSBASIC,KO,EAI,2,EAI,,,,,Y,admin,2.02512E+13,,,SRVC_TYCD
CMMN_CD00497,LMSBASIC,KO,EDU,3,EDU,,,,,Y,admin,2.02512E+13,,,SRVC_TYCD
CMMN_CD00498,LMSBASIC,KO,ESB,4,ESB,,,,,Y,admin,2.02512E+13,,,SRVC_TYCD
CMMN_CD00499,LMSBASIC,KO,AIS,5,AIS,,,,,Y,admin,2.02512E+13,,,SRVC_TYCD
CMMN_CD00500,LMSBASIC,KO,CRM,6,CRM,,,,,Y,admin,2.02512E+13,,,SRVC_TYCD
CMMN_CD00501,LMSBASIC,KO,HRM,7,HRM,,,,,Y,admin,2.02512E+13,,,SRVC_TYCD
CMMN_CD00502,LMSBASIC,KO,API,8,API,,,,,Y,admin,2.02512E+13,,,SRVC_TYCD
CMMN_CD00503,LMSBASIC,KO,OPEN_API,9,OPEN_API,,,,,Y,admin,2.02512E+13,,,SRVC_TYCD
CMMN_CD00504,LMSBASIC,KO,ADM,10,ADMIN,,,,,Y,admin,2.02512E+13,,,SRVC_TYCD
CMMN_CD00505,LMSBASIC,KO,INFO,11,INFO,,,,,Y,admin,2.02512E+13,,,SRVC_TYCD
CMMN_CD00506,LMSBASIC,KO,INTRO,12,INTRO,,,,,Y,admin,2.02512E+13,,,SRVC_TYCD
CMMN_CD00507,LMSBASIC,KO,PORTAL,13,PORTAL,,,,,Y,admin,2.02512E+13,,,SRVC_TYCD
CMMN_CD00508,LMSBASIC,KO,RECRUIT,14,RECRUIT,,,,,Y,admin,2.02512E+13,,,SRVC_TYCD
CMMN_CD00509,LMSBASIC,KO,SHOP,15,SHOP,,,,,Y,admin,2.02512E+13,,,SRVC_TYCD
CMMN_CD00510,LMSBASIC,KO,SUPPORT,16,SUPPORT,,,,,Y,admin,2.02512E+13,,,SRVC_TYCD
CMMN_CD00511,LMSBASIC,KO,UNIV_TYCD,0,대학교유형코드,,,,,Y,admin,2.02512E+13,,,UNIV_TYCD
CMMN_CD00512,LMSBASIC,KO,GNRL_TOTAL_UNIV,1,일반종합대학교,,,,,Y,admin,2.02512E+13,,,UNIV_TYCD
CMMN_CD00513,LMSBASIC,KO,INDS_UNIV,2,산업대학교,,,,,Y,admin,2.02512E+13,,,UNIV_TYCD
CMMN_CD00514,LMSBASIC,KO,TECH_UNIV,3,기술대학교,,,,,Y,admin,2.02512E+13,,,UNIV_TYCD
CMMN_CD00515,LMSBASIC,KO,EDU_UNIV,4,교육대학교,,,,,Y,admin,2.02512E+13,,,UNIV_TYCD
CMMN_CD00516,LMSBASIC,KO,CYBR_UNIV,5,사이버대학교,,,,,Y,admin,2.02512E+13,,,UNIV_TYCD
CMMN_CD00517,LMSBASIC,KO,LIFELONG_EDU,6,평생교육원,,,,,Y,admin,2.02512E+13,,,UNIV_TYCD
CMMN_CD00518,LMSBASIC,KO,CLGE,7,전문대학,,,,,Y,admin,2.02512E+13,,,UNIV_TYCD
CMMN_CD00519,LMSBASIC,KO,EDU_CENTER,8,교육원,,,,,Y,admin,2.02512E+13,,,UNIV_TYCD
CMMN_CD00520,LMSBASIC,KO,VWITM_GBNCD,0,보기항목구분코드,,,,,Y,admin,2.02512E+13,,,VWITM_GBNCD
CMMN_CD00521,LMSBASIC,KO,TXT ,1,텍스트,,,,,Y,admin,2.02512E+13,,,VWITM_GBNCD
CMMN_CD00522,LMSBASIC,KO,IMG,2,이미지,,,,,Y,admin,2.02512E+13,,,VWITM_GBNCD
CMMN_CD00523,LMSBASIC,KO,VOICE,3,오디오,,,,,Y,admin,2.02512E+13,,,VWITM_GBNCD
CMMN_CD00524,LMSBASIC,KO,VDO,4,동영상,,,,,Y,admin,2.02512E+13,,,VWITM_GBNCD
CMMN_CD00525,LMSBASIC,KO,ATND_STSCD,0,참석상태코드,,,,,Y,admin,2.02512E+13,,,ATND_STSCD
CMMN_CD00526,LMSBASIC,KO,ATND,1,참석,,,,,Y,admin,2.02512E+13,,,ATND_STSCD
CMMN_CD00527,LMSBASIC,KO,LATE,2,지각,,,,,Y,admin,2.02512E+13,,,ATND_STSCD
CMMN_CD00528,LMSBASIC,KO,ABSNT,3,결석,,,,,Y,admin,2.02512E+13,,,ATND_STSCD
CMMN_CD00529,LMSBASIC,KO,ATNDLC_STSCD,0,수강상태코드,,,,,Y,admin,2.02512E+13,,,ATNDLC_STSCD
CMMN_CD00530,LMSBASIC,KO,ATNDLC,1,수강,,,,,Y,admin,2.02512E+13,,,ATNDLC_STSCD
CMMN_CD00531,LMSBASIC,KO,NONATNDLC,2,미수강,,,,,Y,admin,2.02512E+13,,,ATNDLC_STSCD
CMMN_CD00532,LMSBASIC,KO,LATE,3,지각,,,,,Y,admin,2.02512E+13,,,ATNDLC_STSCD
CMMN_CD00533,LMSBASIC,KO,SNS_TYCD,0,SNS유형코드,,,,,Y,admin,2.02512E+13,,,SNS_TYCD
CMMN_CD00534,LMSBASIC,KO,INSTAGRAM,1,인스타그램,,,,,Y,admin,2.02512E+13,,,SNS_TYCD
CMMN_CD00535,LMSBASIC,KO,YOUTUBE,2,유튜브,,,,,Y,admin,2.02512E+13,,,SNS_TYCD
CMMN_CD00536,LMSBASIC,KO,TIKTOK,3,틱톡,,,,,Y,admin,2.02512E+13,,,SNS_TYCD
CMMN_CD00537,LMSBASIC,KO,FACEBOOK,4,페이스북,,,,,Y,admin,2.02512E+13,,,SNS_TYCD
CMMN_CD00538,LMSBASIC,KO,NAVER,5,네이버,,,,,Y,admin,2.02512E+13,,,SNS_TYCD
CMMN_CD00539,LMSBASIC,KO,KAKAO,6,카카오,,,,,Y,admin,2.02512E+13,,,SNS_TYCD
CMMN_CD00540,LMSBASIC,KO,LINE,7,라인,,,,,Y,admin,2.02512E+13,,,SNS_TYCD
CMMN_CD00541,LMSBASIC,KO,X,8,트위터,,,,,Y,admin,2.02512E+13,,,SNS_TYCD
CMMN_CD00542,LMSBASIC,KO,ZOOM,9,줌,,,,,Y,admin,2.02512E+13,,,SNS_TYCD
CMMN_CD00543,LMSBASIC,KO,DISCORD,10,디스코드,,,,,Y,admin,2.02512E+13,,,SNS_TYCD
CMMN_CD00544,LMSBASIC,KO,MKUP_CLAS_GBNCD,0,휴보강수업구분코드,,,,,Y,admin,2.02512E+13,,,MKUP_CLAS_GBNCD
CMMN_CD00545,LMSBASIC,KO,CNCL_CLAS,1,휴강,,,,,Y,admin,2.02512E+13,,,MKUP_CLAS_GBNCD
CMMN_CD00546,LMSBASIC,KO,MKUP_CLAS,2,보강,,,,,Y,admin,2.02512E+13,,,MKUP_CLAS_GBNCD
CMMN_CD00547,LMSBASIC,KO,ABSNCE_GBNCD,0,결시구분코드,,,,,Y,admin,2.02512E+13,,,ABSNCE_GBNCD
CMMN_CD00548,LMSBASIC,KO,ABSNCE_A,1,결시구분A,,,,,Y,admin,2.02512E+13,,,ABSNCE_GBNCD
CMMN_CD00549,LMSBASIC,KO,ABSNCE_B,2,결시구분B,,,,,Y,admin,2.02512E+13,,,ABSNCE_GBNCD
CMMN_CD00550,LMSBASIC,KO,ABSNCE_PROF,3,결시구분교수,,,,,Y,admin,2.02512E+13,,,ABSNCE_GBNCD
CMMN_CD00551,LMSBASIC,KO,RFLT_GBNCD,0,반영구분코드,,,,,Y,admin,2.02512E+13,,,RFLT_GBNCD
CMMN_CD00552,LMSBASIC,KO,RFLT,1,반영,,,,,Y,admin,2.02512E+13,,,RFLT_GBNCD
CMMN_CD00553,LMSBASIC,KO,NONRFLT,2,미반영,,,,,Y,admin,2.02512E+13,,,RFLT_GBNCD
CMMN_CD00554,LMSBASIC,KO,OBJCT_APLY_STSCD,0,이의신청상태코드,,,,,Y,admin,2.02512E+13,,,OBJCT_APLY_STSCD
CMMN_CD00555,LMSBASIC,KO,APLY,1,신청,,,,,Y,admin,2.02512E+13,,,OBJCT_APLY_STSCD
CMMN_CD00556,LMSBASIC,KO,APRV,2,승인,,,,,Y,admin,2.02512E+13,,,OBJCT_APLY_STSCD
CMMN_CD00557,LMSBASIC,KO,RJCT,3,거절,,,,,Y,admin,2.02512E+13,,,OBJCT_APLY_STSCD
CMMN_CD00558,LMSBASIC,KO,SCR_CNVS_STSCD,0,점수환산상태코드,,,,,Y,admin,2.02512E+13,,,SCR_CNVS_STSCD
CMMN_CD00559,LMSBASIC,KO,MRK_CNVS_BFR,1,성적환산전,,,,,Y,admin,2.02512E+13,,,SCR_CNVS_STSCD
CMMN_CD00560,LMSBASIC,KO,MRK_CNVS_ING,2,성적환산중,,,,,Y,admin,2.02512E+13,,,SCR_CNVS_STSCD
CMMN_CD00561,LMSBASIC,KO,MRK_CNVS_CMPTN,3,성적환산완료,,,,,Y,admin,2.02512E+13,,,SCR_CNVS_STSCD
CMMN_CD00562,LMSBASIC,KO,MSG_TYCD,0,메시지유형코드,,,,,Y,admin,2.02512E+13,,,MSG_TYCD
CMMN_CD00563,LMSBASIC,KO,SMS,1,단문메시지,,,,,Y,admin,2.02512E+13,,,MSG_TYCD
CMMN_CD00564,LMSBASIC,KO,LMS,2,장문메시지,,,,,Y,admin,2.02512E+13,,,MSG_TYCD
CMMN_CD00565,LMSBASIC,KO,MMS,3,멀티메시지,,,,,Y,admin,2.02512E+13,,,MSG_TYCD
CMMN_CD00566,LMSBASIC,KO,PUSH,4,푸시,,,,,Y,admin,2.02512E+13,,,MSG_TYCD
CMMN_CD00567,LMSBASIC,KO,EML,5,이메일,,,,,Y,admin,2.02512E+13,,,MSG_TYCD
CMMN_CD00568,LMSBASIC,KO,ALIM_TALK,6,알림톡,,,,,Y,admin,2.02512E+13,,,MSG_TYCD
CMMN_CD00569,LMSBASIC,KO,PUSH_INAPP,7,인앱푸시,,,,,Y,admin,2.02512E+13,,,MSG_TYCD
CMMN_CD00570,LMSBASIC,KO,CONTS_TYCD,0,콘텐츠유형코드,,,,,Y,admin,2.02512E+13,,,CONTS_TYCD
CMMN_CD00571,LMSBASIC,KO,LCTR,1,강의,,,,,Y,admin,2.02512E+13,,,CONTS_TYCD
CMMN_CD00572,LMSBASIC,KO,BBS,2,게시판,,,,,Y,admin,2.02512E+13,,,CONTS_TYCD
CMMN_CD00573,LMSBASIC,KO,ASMT,3,과제,,,,,Y,admin,2.02512E+13,,,CONTS_TYCD
CMMN_CD00574,LMSBASIC,KO,LSTEXAM,4,기말고사,,,,,Y,admin,2.02512E+13,,,CONTS_TYCD
CMMN_CD00575,LMSBASIC,KO,ETC,5,기타,,,,,Y,admin,2.02512E+13,,,CONTS_TYCD
CMMN_CD00576,LMSBASIC,KO,CNTNS_EXAM,6,상시평가,,,,,Y,admin,2.02512E+13,,,CONTS_TYCD
CMMN_CD00577,LMSBASIC,KO,SRVY,7,설문,,,,,Y,admin,2.02512E+13,,,CONTS_TYCD
CMMN_CD00578,LMSBASIC,KO,SMNR,8,세미나,,,,,Y,admin,2.02512E+13,,,CONTS_TYCD
CMMN_CD00579,LMSBASIC,KO,EXAM,9,시험,,,,,Y,admin,2.02512E+13,,,CONTS_TYCD
CMMN_CD00580,LMSBASIC,KO,MIDEXAM,10,중간고사,,,,,Y,admin,2.02512E+13,,,CONTS_TYCD
CMMN_CD00581,LMSBASIC,KO,QUIZ,11,퀴즈,,,,,Y,admin,2.02512E+13,,,CONTS_TYCD
CMMN_CD00582,LMSBASIC,KO,QUIZSMNR,12,퀴즈및설문,,,,,Y,admin,2.02512E+13,,,CONTS_TYCD
CMMN_CD00583,LMSBASIC,KO,DSCS,13,토론,,,,,Y,admin,2.02512E+13,,,CONTS_TYCD
CMMN_CD00584,LMSBASIC,KO,TEAM_ACTV,14,팀활동,,,,,Y,admin,2.02512E+13,,,CONTS_TYCD
CMMN_CD00585,LMSBASIC,KO,SRVY_GBNCD,0,설문구분코드,,,,,Y,admin,2.02512E+13,,,SRVY_GBNCD
CMMN_CD00586,LMSBASIC,KO,SRVY_WEB,1,홈페이지설문,,,,,Y,admin,2.02512E+13,,,SRVY_GBNCD
CMMN_CD00587,LMSBASIC,KO,SRVY_LCTR,2,강의설문,,,,,Y,admin,2.02512E+13,,,SRVY_GBNCD
CMMN_CD00588,LMSBASIC,KO,SRVY_TYCD,0,설문유형코드,,,,,Y,admin,2.02512E+13,,,SRVY_TYCD
CMMN_CD00589,LMSBASIC,KO,SRVY_LCTR_STSFCTN,1,만족도설문,,,,,Y,admin,2.02512E+13,,,SRVY_TYCD
CMMN_CD00590,LMSBASIC,KO,SRVY_EVL,2,평가설문,,,,,Y,admin,2.02512E+13,,,SRVY_TYCD
CMMN_CD00591,LMSBASIC,KO,SRVY_PRFRNC,3,선호도설문,,,,,Y,admin,2.02512E+13,,,SRVY_TYCD
CMMN_CD00592,LMSBASIC,KO,QSTN_GBNCD,0,문항구분코드,,,,,Y,admin,2.02512E+13,,,QSTN_GBNCD
CMMN_CD00593,LMSBASIC,KO,TXT ,1,텍스트,,,,,Y,admin,2.02512E+13,,,QSTN_GBNCD
CMMN_CD00594,LMSBASIC,KO,IMG,2,이미지,,,,,Y,admin,2.02512E+13,,,QSTN_GBNCD
CMMN_CD00595,LMSBASIC,KO,VDO,3,비디오,,,,,Y,admin,2.02512E+13,,,QSTN_GBNCD
CMMN_CD00596,LMSBASIC,KO,VOICE,4,오디오,,,,,Y,admin,2.02512E+13,,,QSTN_GBNCD
CMMN_CD00597,LMSBASIC,KO,QSTN_VWITM_GBNCD,0,문항보기항목구분코드,,,,,Y,admin,2.02512E+13,,,QSTN_VWITM_GBNCD
CMMN_CD00598,LMSBASIC,KO,TXT ,1,텍스트,,,,,Y,admin,2.02512E+13,,,QSTN_VWITM_GBNCD
CMMN_CD00599,LMSBASIC,KO,IMG,2,이미지,,,,,Y,admin,2.02512E+13,,,QSTN_VWITM_GBNCD
CMMN_CD00600,LMSBASIC,KO,VDO,3,비디오,,,,,Y,admin,2.02512E+13,,,QSTN_VWITM_GBNCD
CMMN_CD00601,LMSBASIC,KO,VOICE,4,오디오,,,,,Y,admin,2.02512E+13,,,QSTN_VWITM_GBNCD
CMMN_CD00602,LMSBASIC,KO,QSTN_RSPNS_TYCD,0,문항답변유형코드,,,,,Y,admin,2.02512E+13,,,QSTN_RSPNS_TYCD
CMMN_CD00603,LMSBASIC,KO,MLT_CHC,1,다중선택형,,,,,Y,admin,2.02512E+13,,,QSTN_RSPNS_TYCD
CMMN_CD00604,LMSBASIC,KO,OX_CHC,2,OX선택형,,,,,Y,admin,2.02512E+13,,,QSTN_RSPNS_TYCD
CMMN_CD00605,LMSBASIC,KO,LEVEL,3,레벨형(척도형),,,,,Y,admin,2.02512E+13,,,QSTN_RSPNS_TYCD
CMMN_CD00606,LMSBASIC,KO,ONE_CHC,4,단일선택형,,,,,Y,admin,2.02512E+13,,,QSTN_RSPNS_TYCD
CMMN_CD00607,LMSBASIC,KO,LONG_TXT,5,서술형,,,,,Y,admin,2.02512E+13,,,QSTN_RSPNS_TYCD
CMMN_CD00608,LMSBASIC,KO,SHORT_TXT,6,단답형,,,,,Y,admin,2.02512E+13,,,QSTN_RSPNS_TYCD
CMMN_CD00609,LMSBASIC,KO,ESSAY_TXT,7,논술형,,,,,Y,admin,2.02512E+13,,,QSTN_RSPNS_TYCD
CMMN_CD00610,LMSBASIC,KO,COUPLE,8,짝짓기형,,,,,Y,admin,2.02512E+13,,,QSTN_RSPNS_TYCD
CMMN_CD00611,LMSBASIC,KO,EVL_STSCD,0,평가상태코드,,,,,Y,admin,2.02512E+13,,,EVL_STSCD
CMMN_CD00612,LMSBASIC,KO,EVL_CMPTN,1,평가완료,,,,,Y,admin,2.02512E+13,,,EVL_STSCD
CMMN_CD00613,LMSBASIC,KO,EVL_BFR,2,평가전,,,,,Y,admin,2.02512E+13,,,EVL_STSCD
CMMN_CD00614,LMSBASIC,KO,EVL_ING,3,평가중,,,,,Y,admin,2.02512E+13,,,EVL_STSCD
CMMN_CD00615,LMSBASIC,KO,SYSJOB_SCHDL_TYCD,0,시스템작업일정유형코드,,,,,Y,admin,2.02512E+13,,,SYSJOB_SCHDL_TYCD
CMMN_CD00616,LMSBASIC,KO,MINUTES,1,분단위,,,,,Y,admin,2.02512E+13,,,SYSJOB_SCHDL_TYCD
CMMN_CD00617,LMSBASIC,KO,HOUR,2,시간단위,,,,,Y,admin,2.02512E+13,,,SYSJOB_SCHDL_TYCD
CMMN_CD00618,LMSBASIC,KO,DAY,3,일단위,,,,,Y,admin,2.02512E+13,,,SYSJOB_SCHDL_TYCD
CMMN_CD00619,LMSBASIC,KO,WEEK,4,주단위,,,,,Y,admin,2.02512E+13,,,SYSJOB_SCHDL_TYCD
CMMN_CD00620,LMSBASIC,KO,MONTH,5,월단위,,,,,Y,admin,2.02512E+13,,,SYSJOB_SCHDL_TYCD
CMMN_CD00621,LMSBASIC,KO,BI_MONTH,6,격월단위,,,,,Y,admin,2.02512E+13,,,SYSJOB_SCHDL_TYCD
CMMN_CD00622,LMSBASIC,KO,QUARTER,7,분기단위,,,,,Y,admin,2.02512E+13,,,SYSJOB_SCHDL_TYCD
CMMN_CD00623,LMSBASIC,KO,YEAR,8,년단위,,,,,Y,admin,2.02512E+13,,,SYSJOB_SCHDL_TYCD
CMMN_CD00624,LMSBASIC,KO,TEAM_TYCD,0,팀유형코드,,,,,Y,admin,2.02512E+13,,,TEAM_TYCD
CMMN_CD00625,LMSBASIC,KO,SMALL,1,소규모[1-5],,,,,Y,admin,2.02512E+13,,,TEAM_TYCD
CMMN_CD00626,LMSBASIC,KO,MEDIUM,2,중규모[6-10],,,,,Y,admin,2.02512E+13,,,TEAM_TYCD
CMMN_CD00627,LMSBASIC,KO,LARGE,3,대규모[11~],,,,,Y,admin,2.02512E+13,,,TEAM_TYCD
CMMN_CD00628,LMSBASIC,KO,LEADER,4,리더팀,,,,,Y,admin,2.02512E+13,,,TEAM_TYCD
CMMN_CD00629,LMSBASIC,KO,PRJCT,5,프로젝트팀,,,,,Y,admin,2.02512E+13,,,TEAM_TYCD
CMMN_CD00630,LMSBASIC,KO,SPECIAL,6,특별팀,,,,,Y,admin,2.02512E+13,,,TEAM_TYCD
CMMN_CD00631,LMSBASIC,KO,CNTN_PRM_IP_GBNCD,0,접속허용아이피구분코드,,,,,Y,admin,2.02512E+13,,,CNTN_PRM_IP_GBNCD
CMMN_CD00632,LMSBASIC,KO,ALLOW,1,허용,,,,,Y,admin,2.02512E+13,,,CNTN_PRM_IP_GBNCD
CMMN_CD00633,LMSBASIC,KO,BLOCK,2,차단,,,,,Y,admin,2.02512E+13,,,CNTN_PRM_IP_GBNCD
CMMN_CD00634,LMSBASIC,KO,POPUP_NTC_TYCD,0,팝업공지유형코드,,,,,Y,admin,2.02512E+13,,,POPUP_NTC_TYCD
CMMN_CD00635,LMSBASIC,KO,NEWWIN,1,새창,,,,,Y,admin,2.02512E+13,,,POPUP_NTC_TYCD
CMMN_CD00636,LMSBASIC,KO,NEWDIV,2,새DIV,,,,,Y,admin,2.02512E+13,,,POPUP_NTC_TYCD
CMMN_CD00637,LMSBASIC,KO,EXAM_SPRT_APLY_TYCD,0,시험지원신청유형코드,,,,,Y,admin,2.02512E+13,,,EXAM_SPRT_APLY_TYCD
CMMN_CD00638,LMSBASIC,KO,TIME_EXTENDS,1,시험시간연장,,,,,Y,admin,2.02512E+13,,,EXAM_SPRT_APLY_TYCD
CMMN_CD00639,LMSBASIC,KO,VOICE_SUPPORT_COMPUTER,2,음성지원SW탑재컴퓨터사용,,,,,Y,admin,2.02512E+13,,,EXAM_SPRT_APLY_TYCD
CMMN_CD00640,LMSBASIC,KO,BRAILLE,3,점자문제지답안지제공,,,,,Y,admin,2.02512E+13,,,EXAM_SPRT_APLY_TYCD
CMMN_CD00641,LMSBASIC,KO,GHOSTWRITER,4,대필,,,,,Y,admin,2.02512E+13,,,EXAM_SPRT_APLY_TYCD
CMMN_CD00642,LMSBASIC,KO,EXPANDED_PAPER,5,확대된문제지답안지제공,,,,,Y,admin,2.02512E+13,,,EXAM_SPRT_APLY_TYCD
CMMN_CD00643,LMSBASIC,KO,SEPARATE_SEAT,6,시험장내별도좌석제공,,,,,Y,admin,2.02512E+13,,,EXAM_SPRT_APLY_TYCD
CMMN_CD00644,LMSBASIC,KO,ONSLF_VRFCTN_TYCD,0,본인확인유형코드,,,,,Y,admin,2.02512E+13,,,ONSLF_VRFCTN_TYCD
CMMN_CD00645,LMSBASIC,KO,MBL_ONSLF,1,휴대폰본인인증,,,,,Y,admin,2.02512E+13,,,ONSLF_VRFCTN_TYCD
CMMN_CD00646,LMSBASIC,KO,EASY_AUTH,2,간편인증,,,,,Y,admin,2.02512E+13,,,ONSLF_VRFCTN_TYCD
CMMN_CD00647,LMSBASIC,KO,SNS_AUTH,3,SNS인증,,,,,Y,admin,2.02512E+13,,,ONSLF_VRFCTN_TYCD
CMMN_CD00648,LMSBASIC,KO,RSLT_CD,0,결과코드,,,,,Y,admin,2.02512E+13,,,RSLT_CD
CMMN_CD00649,LMSBASIC,KO,OK,1,성공,,,,,Y,admin,2.02512E+13,,,RSLT_CD
CMMN_CD00650,LMSBASIC,KO,FAIL,2,실패,,,,,Y,admin,2.02512E+13,,,RSLT_CD
CMMN_CD00651,LMSBASIC,KO,CRANS_TYCD,0,정답유형코드,,,,,Y,admin,2.02512E+13,,,CRANS_TYCD
CMMN_CD00652,LMSBASIC,KO,CRANS_INORDER,1,정답순서에맞춰서,,,,,Y,admin,2.02512E+13,,,CRANS_TYCD
CMMN_CD00653,LMSBASIC,KO,CRANS_NOT_INORDER ,2,정답순서에상관없이,,,,,Y,admin,2.02512E+13,,,CRANS_TYCD
CMMN_CD00654,LMSBASIC,KO,CRANS_MLT,3,다중정답,,,,,Y,admin,2.02512E+13,,,CRANS_TYCD
CMMN_CD00655,LMSBASIC,KO,CRDTS_EXCH_GBNCD,0,학점교류구분코드,,,,,Y,admin,2.02512E+13,,,CRDTS_EXCH_GBNCD
CMMN_CD00656,LMSBASIC,KO,DMSC,1,국내대학간교류,,,,,Y,admin,2.02512E+13,,,CRDTS_EXCH_GBNCD
CMMN_CD00657,LMSBASIC,KO,FRGN,2,해외대학교류,,,,,Y,admin,2.02512E+13,,,CRDTS_EXCH_GBNCD
CMMN_CD00658,LMSBASIC,KO,SSNL,3,계절학기교류,,,,,Y,admin,2.02512E+13,,,CRDTS_EXCH_GBNCD
CMMN_CD00659,LMSBASIC,KO,LANG,4,어학연수,,,,,Y,admin,2.02512E+13,,,CRDTS_EXCH_GBNCD
CMMN_CD00660,LMSBASIC,KO,ABROAD_SHORT_TERM_PRGM,5,해외단기프로그램,,,,,Y,admin,2.02512E+13,,,CRDTS_EXCH_GBNCD
CMMN_CD00661,LMSBASIC,KO,VISIT_STDNT,6,방문학생,,,,,Y,admin,2.02512E+13,,,CRDTS_EXCH_GBNCD
CMMN_CD00662,LMSBASIC,KO,DOUBLE,7,복수학위,,,,,Y,admin,2.02512E+13,,,CRDTS_EXCH_GBNCD
CMMN_CD00663,LMSBASIC,KO,JOINT,8,공동학위,,,,,Y,admin,2.02512E+13,,,CRDTS_EXCH_GBNCD
CMMN_CD00664,LMSBASIC,KO,USER_ID_STSCD,0,사용자아이디상태코드,,,,,Y,admin,2.02512E+13,,,USER_ID_STSCD
CMMN_CD00665,LMSBASIC,KO,APRV_CMPTN,1,승인완료,,,,,Y,admin,2.02512E+13,,,USER_ID_STSCD
CMMN_CD00666,LMSBASIC,KO,APRV_WAIT,2,승인대기,,,,,Y,admin,2.02512E+13,,,USER_ID_STSCD
CMMN_CD00667,LMSBASIC,KO,RJCT,3,거절,,,,,Y,admin,2.02512E+13,,,USER_ID_STSCD
CMMN_CD00668,LMSBASIC,KO,USG_STOP,4,사용중지,,,,,Y,admin,2.02512E+13,,,USER_ID_STSCD
CMMN_CD00669,LMSBASIC,KO,EXPIRED,5,만료,,,,,Y,admin,2.02512E+13,,,USER_ID_STSCD
CMMN_CD00670,LMSBASIC,KO,LOCKED,6,잠금,,,,,Y,admin,2.02512E+13,,,USER_ID_STSCD
CMMN_CD00671,LMSBASIC,KO,TEMP,7,임시,,,,,Y,admin,2.02512E+13,,,USER_ID_STSCD
CMMN_CD00672,LMSBASIC,KO,WTHDRW,8,탈퇴,,,,,Y,admin,2.02512E+13,,,USER_ID_STSCD
CMMN_CD00673,LMSBASIC,KO,CNTCT_TYCD,0,연락처유형코드,,,,,Y,admin,2.02512E+13,,,CNTCT_TYCD
CMMN_CD00674,LMSBASIC,KO,MBL_PHN,1,모바일전화,,,,,Y,admin,2.02512E+13,,,CNTCT_TYCD
CMMN_CD00675,LMSBASIC,KO,EML,2,이메일,,,,,Y,admin,2.02512E+13,,,CNTCT_TYCD
CMMN_CD00676,LMSBASIC,KO,HOME_ADDR,3,집주소,,,,,Y,admin,2.02512E+13,,,CNTCT_TYCD
CMMN_CD00677,LMSBASIC,KO,HOME_PHN,4,집전화,,,,,Y,admin,2.02512E+13,,,CNTCT_TYCD
CMMN_CD00678,LMSBASIC,KO,OFFI_ADDR,5,사무실주소,,,,,Y,admin,2.02512E+13,,,CNTCT_TYCD
CMMN_CD00679,LMSBASIC,KO,OFFI_PHN,6,사무실전화,,,,,Y,admin,2.02512E+13,,,CNTCT_TYCD
CMMN_CD00680,LMSBASIC,KO,AC_RCD_TYCD,0,학적유형코드,,,,,Y,admin,2.02512E+13,,,AC_RCD_TYCD
CMMN_CD00681,LMSBASIC,KO,ENROLL,1,재학,,,,,Y,admin,2.02512E+13,,,AC_RCD_TYCD
CMMN_CD00682,LMSBASIC,KO,GNRL_LEAVE,2,일반휴학,,,,,Y,admin,2.02512E+13,,,AC_RCD_TYCD
CMMN_CD00683,LMSBASIC,KO,MIL_LEAVE,3,군휴학,,,,,Y,admin,2.02512E+13,,,AC_RCD_TYCD
CMMN_CD00684,LMSBASIC,KO,MED_LEAVE,4,병휴학,,,,,Y,admin,2.02512E+13,,,AC_RCD_TYCD
CMMN_CD00685,LMSBASIC,KO,LEAVE,5,휴학,,,,,Y,admin,2.02512E+13,,,AC_RCD_TYCD
CMMN_CD00686,LMSBASIC,KO,TRANS,6,편입,,,,,Y,admin,2.02512E+13,,,AC_RCD_TYCD
CMMN_CD00687,LMSBASIC,KO,GRAD,7,졸업,,,,,Y,admin,2.02512E+13,,,AC_RCD_TYCD
CMMN_CD00688,LMSBASIC,KO,WTHDRAL,8,자퇴,,,,,Y,admin,2.02512E+13,,,AC_RCD_TYCD
CMMN_CD00689,LMSBASIC,KO,DISMIS,9,제적(징계),,,,,Y,admin,2.02512E+13,,,AC_RCD_TYCD
CMMN_CD00690,LMSBASIC,KO,CMPLTN,10,수료,,,,,Y,admin,2.02512E+13,,,AC_RCD_TYCD
CMMN_CD00691,LMSBASIC,KO,PRGRT_GBNCD,0,진도율구분코드,,,,,Y,admin,2.02512E+13,,,PRGRT_GBNCD
CMMN_CD00692,LMSBASIC,KO,LRN_MAX_PSTN,1,학습최대위치,,,,,Y,admin,2.02512E+13,,,PRGRT_GBNCD
CMMN_CD00693,LMSBASIC,KO,LRN_TOT_MNTS,2,학습총시간,,,,,Y,admin,2.02512E+13,,,PRGRT_GBNCD
CMMN_CD00694,LMSBASIC,KO,DATA_LNKG_TYCD,0,자료연계유형코드,,,,,Y,admin,2.02512E+13,,,DATA_LNKG_TYCD
CMMN_CD00695,LMSBASIC,KO,DB,1,DB,,,,,Y,admin,2.02512E+13,,,DATA_LNKG_TYCD
CMMN_CD00696,LMSBASIC,KO,NETWORK,2,NETWORK,,,,,Y,admin,2.02512E+13,,,DATA_LNKG_TYCD
CMMN_CD00697,LMSBASIC,KO,FILE,3,파일,,,,,Y,admin,2.02512E+13,,,DATA_LNKG_TYCD
CMMN_CD00698,LMSBASIC,KO,SBJCT_GBNCD,0,과목구분코드,,,,,Y,admin,2.02512E+13,,,SBJCT_GBNCD
CMMN_CD00699,LMSBASIC,KO,COMMON,1,공통,,,,,Y,admin,2.02512E+13,,,SBJCT_GBNCD
CMMN_CD00700,LMSBASIC,KO,ELECTIVE,2,선택,,,,,Y,admin,2.02512E+13,,,SBJCT_GBNCD
CMMN_CD00701,LMSBASIC,KO,REQUIRED,3,필수,,,,,Y,admin,2.02512E+13,,,SBJCT_GBNCD
CMMN_CD00702,LMSBASIC,KO,RVW_PSBL_GBNCD,0,복습가능구분코드,,,,,Y,admin,2.02512E+13,,,RVW_PSBL_GBNCD
CMMN_CD00703,LMSBASIC,KO,RVW_IMPSBL,1,복습불가,,,,,Y,admin,2.02512E+13,,,RVW_PSBL_GBNCD
CMMN_CD00704,LMSBASIC,KO,RVW_PSBL,2,복습가능,,,,,Y,admin,2.02512E+13,,,RVW_PSBL_GBNCD
CMMN_CD00705,LMSBASIC,KO,EVL_GBNCD,0,평가구분코드,,,,,Y,admin,2.02512E+13,,,EVL_GBNCD
CMMN_CD00706,LMSBASIC,KO,RELATIVE,1,상대평가,,,,,Y,admin,2.02512E+13,,,EVL_GBNCD
CMMN_CD00707,LMSBASIC,KO,ABSOLUTE,2,절대평가,,,,,Y,admin,2.02512E+13,,,EVL_GBNCD
CMMN_CD00708,LMSBASIC,KO,PASSFAIL,3,통과불통과,,,,,Y,admin,2.02512E+13,,,EVL_GBNCD
CMMN_CD00709,LMSBASIC,KO,CERT_STSCD,0,인증상태코드,,,,,Y,admin,2.02512E+13,,,CERT_STSCD
CMMN_CD00710,LMSBASIC,KO,APRV,1,승인,,,,,Y,admin,2.02512E+13,,,CERT_STSCD
CMMN_CD00711,LMSBASIC,KO,WAIT,2,대기,,,,,Y,admin,2.02512E+13,,,CERT_STSCD
CMMN_CD00712,LMSBASIC,KO,RJCT,3,거절,,,,,Y,admin,2.02512E+13,,,CERT_STSCD
CMMN_CD00713,LMSBASIC,KO,FAIL,4,실패,,,,,Y,admin,2.02512E+13,,,CERT_STSCD
CMMN_CD00714,LMSBASIC,KO,ATNDLC_APLY_MTHD_CD,0,수강신청방법코드,,,,,Y,admin,2.02512E+13,,,ATNDLC_APLY_MTHD_CD
CMMN_CD00715,LMSBASIC,KO,ADM_APLY,1,관리자가신청,,,,,Y,admin,2.02512E+13,,,ATNDLC_APLY_MTHD_CD
CMMN_CD00716,LMSBASIC,KO,USER_APLY,2,사용자가신청,,,,,Y,admin,2.02512E+13,,,ATNDLC_APLY_MTHD_CD
CMMN_CD00717,LMSBASIC,KO,HELPER_APLY,3,도움주는자가신청,,,,,Y,admin,2.02512E+13,,,ATNDLC_APLY_MTHD_CD
CMMN_CD00718,LMSBASIC,KO,PROF_TYCD,0,교수유형코드,,,,,Y,admin,2.02512E+13,,,PROF_TYCD
CMMN_CD00719,LMSBASIC,KO,ASSI,1,조교,,,,,Y,admin,2.02512E+13,,,PROF_TYCD
CMMN_CD00720,LMSBASIC,KO,PROF_CO,2,공동교수,,,,,Y,admin,2.02512E+13,,,PROF_TYCD
CMMN_CD00721,LMSBASIC,KO,PROF_RSRP,3,대표교수,,,,,Y,admin,2.02512E+13,,,PROF_TYCD
CMMN_CD00722,LMSBASIC,KO,PROF_HDR,4,책임교수,,,,,Y,admin,2.02512E+13,,,PROF_TYCD
CMMN_CD00723,LMSBASIC,KO,PROF,5,교수,,,,,Y,admin,2.02512E+13,,,PROF_TYCD
CMMN_CD00724,LMSBASIC,KO,TUT,6,튜터,,,,,Y,admin,2.02512E+13,,,PROF_TYCD
CMMN_CD00725,LMSBASIC,KO,PROF_ASSO,7,부교수,,,,,Y,admin,2.02512E+13,,,PROF_TYCD
CMMN_CD00726,LMSBASIC,KO,SMNR_CNTN_GBNCD,0,세미나접속구분코드,,,,,Y,admin,2.02512E+13,,,SMNR_CNTN_GBNCD
CMMN_CD00727,LMSBASIC,KO,ONLN_SMNR,1,온라인세미나,,,,,Y,admin,2.02512E+13,,,SMNR_CNTN_GBNCD
CMMN_CD00728,LMSBASIC,KO,OFLN_SMNR,2,오프라인세미나,,,,,Y,admin,2.02512E+13,,,SMNR_CNTN_GBNCD
CMMN_CD00729,LMSBASIC,KO,MIX_ONOFF,3,혼합세미나,,,,,Y,admin,2.02512E+13,,,SMNR_CNTN_GBNCD
CMMN_CD00730,LMSBASIC,KO,SMNR_TYCD,0,세미나유형코드,,,,,Y,admin,2.02512E+13,,,SMNR_TYCD
CMMN_CD00731,LMSBASIC,KO,ACADEMIC_SMNR,1,학술세미나,,,,,Y,admin,2.02512E+13,,,SMNR_TYCD
CMMN_CD00732,LMSBASIC,KO,TECHNIC_SMNR,2,기술세미나,,,,,Y,admin,2.02512E+13,,,SMNR_TYCD
CMMN_CD00733,LMSBASIC,KO,EDU_SMNR,3,교육세미나,,,,,Y,admin,2.02512E+13,,,SMNR_TYCD
CMMN_CD00734,LMSBASIC,KO,POLICY_SMNR,4,정책세미나,,,,,Y,admin,2.02512E+13,,,SMNR_TYCD
CMMN_CD00735,LMSBASIC,KO,BIZ_SMNR,5,사업세미나,,,,,Y,admin,2.02512E+13,,,SMNR_TYCD
CMMN_CD00736,LMSBASIC,KO,WRKSHP_SMNR,6,워크샵세미나,,,,,Y,admin,2.02512E+13,,,SMNR_TYCD
CMMN_CD00737,LMSBASIC,KO,RSLT_OPEN_TYCD,0,결과공개유형코드,,,,,Y,admin,2.02512E+13,,,RSLT_OPEN_TYCD
CMMN_CD00738,LMSBASIC,KO,WHOL_OPEN,1,전체공개,,,,,Y,admin,2.02512E+13,,,RSLT_OPEN_TYCD
CMMN_CD00739,LMSBASIC,KO,WHOL_CLOSE,2,전체비공개,,,,,Y,admin,2.02512E+13,,,RSLT_OPEN_TYCD
CMMN_CD00740,LMSBASIC,KO,ONLY_PTCPNT_OPEN,3,참여자만공개,,,,,Y,admin,2.02512E+13,,,RSLT_OPEN_TYCD
CMMN_CD00741,LMSBASIC,KO,STDNT_GBNCD,0,학생구분코드,,,,,Y,admin,2.02512E+13,,,STDNT_GBNCD
CMMN_CD00742,LMSBASIC,KO,UNDR_GRAD,1,일반대학생,,,,,Y,admin,2.02512E+13,,,STDNT_GBNCD
CMMN_CD00743,LMSBASIC,KO,GRAD_MSTR,2,석사대학원생,,,,,Y,admin,2.02512E+13,,,STDNT_GBNCD
CMMN_CD00744,LMSBASIC,KO,GRAD_DCTR,3,박사대학원생,,,,,Y,admin,2.02512E+13,,,STDNT_GBNCD
CMMN_CD00745,LMSBASIC,KO,EXCHG_STDNT,4,교환학생,,,,,Y,admin,2.02512E+13,,,STDNT_GBNCD
CMMN_CD00746,LMSBASIC,KO,TRANS_STDNT,5,편입생,,,,,Y,admin,2.02512E+13,,,STDNT_GBNCD
CMMN_CD00747,LMSBASIC,KO,FRGN_STDNT,6,외국인유학생,,,,,Y,admin,2.02512E+13,,,STDNT_GBNCD
CMMN_CD00748,LMSBASIC,KO,CYBR_STDNT,7,사이버대학생,,,,,Y,admin,2.02512E+13,,,STDNT_GBNCD
CMMN_CD00749,LMSBASIC,KO,GRAD_UNIV_BIZ,8,경영대학원생,,,,,Y,admin,2.02512E+13,,,STDNT_GBNCD
CMMN_CD00750,LMSBASIC,KO,TOTAL_EDU_TRAINING_CNTR,9,종합교육연수원생,,,,,Y,admin,2.02512E+13,,,STDNT_GBNCD
CMMN_CD00751,LMSBASIC,KO,PRIME_CLGE_DGRS_CRS_STDNT,10,프라임칼리지학위과정학부생,,,,,Y,admin,2.02512E+13,,,STDNT_GBNCD
CMMN_CD00752,LMSBASIC,KO,PRIME_CLGE_NONDRGS_STDNT,11,프라임칼리지비학위수강생,,,,,Y,admin,2.02512E+13,,,STDNT_GBNCD
CMMN_CD00753,LMSBASIC,KO,VISIT_STDNT,8,청강생,,,,,Y,admin,2.02512E+13,,,STDNT_GBNCD
CMMN_CD00754,LMSBASIC,KO,LGN_MTHD_GBNCD,0,로그인방법유형코드,,,,,Y,admin,2.02512E+13,,,LGN_MTHD_GBNCD
CMMN_CD00755,LMSBASIC,KO,IDPWD,1,일반로그인,,,,,Y,admin,2.02512E+13,,,LGN_MTHD_GBNCD
CMMN_CD00756,LMSBASIC,KO,PKI,2,공동인증서로그인,,,,,Y,admin,2.02512E+13,,,LGN_MTHD_GBNCD
CMMN_CD00757,LMSBASIC,KO,FIDO,3,생체인증지문로그인,,,,,Y,admin,2.02512E+13,,,LGN_MTHD_GBNCD
CMMN_CD00758,LMSBASIC,KO,KAKAO,4,카카오인증로그인,,,,,Y,admin,2.02512E+13,,,LGN_MTHD_GBNCD
CMMN_CD00759,LMSBASIC,KO,SMPL_NMBR,5,간편번호로그인,,,,,Y,admin,2.02512E+13,,,LGN_MTHD_GBNCD
CMMN_CD00760,LMSBASIC,KO,DELAY_PROC,6,유예처리로그인,,,,,Y,admin,2.02512E+13,,,LGN_MTHD_GBNCD
CMMN_CD00761,LMSBASIC,KO,NAVER,7,네이버인증로그인,,,,,Y,admin,2.02512E+13,,,LGN_MTHD_GBNCD
CMMN_CD00762,LMSBASIC,KO,TOSS,8,토스인증로그인,,,,,Y,admin,2.02512E+13,,,LGN_MTHD_GBNCD
CMMN_CD00763,LMSBASIC,KO,ACSR_GBNCD,0,접속자유형코드,,,,,Y,admin,2.02512E+13,,,ACSR_GBNCD
CMMN_CD00764,LMSBASIC,KO,ADM,1,관리자,,,,,Y,admin,2.02512E+13,,,ACSR_GBNCD
CMMN_CD00765,LMSBASIC,KO,STDNT,2,학생,,,,,Y,admin,2.02512E+13,,,ACSR_GBNCD
CMMN_CD00766,LMSBASIC,KO,PROF,3,교수,,,,,Y,admin,2.02512E+13,,,ACSR_GBNCD
CMMN_CD00767,LMSBASIC,KO,OBSRVR,4,관찰자,,,,,Y,admin,2.02512E+13,,,ACSR_GBNCD
CMMN_CD00768,LMSBASIC,KO,TUT,5,튜터,,,,,Y,admin,2.02512E+13,,,ACSR_GBNCD
CMMN_CD00769,LMSBASIC,KO,ASSI,6,조교,,,,,Y,admin,2.02512E+13,,,ACSR_GBNCD
CMMN_CD00770,LMSBASIC,KO,SBJCT_MNGR,7,과목매니져,,,,,Y,admin,2.02512E+13,,,ACSR_GBNCD
CMMN_CD00771,LMSBASIC,KO,CRS_MNGR,8,과정매니져,,,,,Y,admin,2.02512E+13,,,ACSR_GBNCD
CMMN_CD00772,LMSBASIC,KO,ENTR_SCHL_GBNCD,0,입학구분코드,,,,,Y,admin,2.02512E+13,,,ENTR_SCHL_GBNCD
CMMN_CD00773,LMSBASIC,KO,ENTR,1,입학,,,,,Y,admin,2.02512E+13,,,ENTR_SCHL_GBNCD
CMMN_CD00774,LMSBASIC,KO,REENTR,2,재입학,,,,,Y,admin,2.02512E+13,,,ENTR_SCHL_GBNCD
CMMN_CD00775,LMSBASIC,KO,CRUD_CD,0,크루드코드,,,,,Y,admin,2.02512E+13,,,CRUD_CD
CMMN_CD00776,LMSBASIC,KO,C,1,생성,,,,,Y,admin,2.02512E+13,,,CRUD_CD
CMMN_CD00777,LMSBASIC,KO,R,2,조회,,,,,Y,admin,2.02512E+13,,,CRUD_CD
CMMN_CD00778,LMSBASIC,KO,U,3,수정,,,,,Y,admin,2.02512E+13,,,CRUD_CD
CMMN_CD00779,LMSBASIC,KO,D,4,삭제,,,,,Y,admin,2.02512E+13,,,CRUD_CD
CMMN_CD00780,LMSBASIC,KO,SBJCT_REF_TYCD,0,과목참조유형코드,,,,,Y,admin,2.02512E+13,,,SBJCT_REF_TYCD
CMMN_CD00781,LMSBASIC,KO,CRS,1,과정테이블참조,,,,,Y,admin,2.02512E+13,,,SBJCT_REF_TYCD
CMMN_CD00782,LMSBASIC,KO,CHRT,2,기관학기기수테이블참조,,,,,Y,admin,2.02512E+13,,,SBJCT_REF_TYCD
CMMN_CD00783,LMSBASIC,KO,MEMO_TYCD,0,메모유형코드,,,,,Y,admin,2.02512E+13,,,MEMO_TYCD
CMMN_CD00784,LMSBASIC,KO,LCTR,1,강의메모,,,,,Y,admin,2.02512E+13,,,MEMO_TYCD
CMMN_CD00785,LMSBASIC,KO,ATNDLC,2,수강메모,,,,,Y,admin,2.02512E+13,,,MEMO_TYCD
CMMN_CD00786,LMSBASIC,KO,MENU_TYCD,0,메뉴유형코드,,,,,Y,admin,2.02512E+13,,,MENU_TYCD
CMMN_CD00787,LMSBASIC,KO,HOMEPAGE,1,홈페이지,,,,,Y,admin,2.02512E+13,,,MENU_TYCD
CMMN_CD00788,LMSBASIC,KO,LCTRRM,2,강의실,,,,,Y,admin,2.02512E+13,,,MENU_TYCD
CMMN_CD00789,LMSBASIC,KO,ADM,3,관리자,,,,,Y,admin,2.02512E+13,,,MENU_TYCD
CMMN_CD00790,LMSBASIC,KO,MNGR,4,매니져,,,,,Y,admin,2.02512E+13,,,MENU_TYCD
CMMN_CD00791,LMSBASIC,KO,USRINFO_TYCD,0,사용자정보유형코드,,,,,Y,admin,2.02512E+13,,,USRINFO_TYCD
CMMN_CD00792,LMSBASIC,KO,RGN,1,지역,,,,,Y,admin,2.02512E+13,,,USRINFO_TYCD
CMMN_CD00793,LMSBASIC,KO,BIRTH,2,생년월일,,,,,Y,admin,2.02512E+13,,,USRINFO_TYCD
CMMN_CD00794,LMSBASIC,KO,CMPNY_ADDR,3,직장주소,,,,,Y,admin,2.02512E+13,,,USRINFO_TYCD
CMMN_CD00795,LMSBASIC,KO,CMPNY_PHNNO,4,직장전화번호,,,,,Y,admin,2.02512E+13,,,USRINFO_TYCD
CMMN_CD00796,LMSBASIC,KO,DEPT,5,학과부서,,,,,Y,admin,2.02512E+13,,,USRINFO_TYCD
CMMN_CD00797,LMSBASIC,KO,DSBLYN,6,장애여부,,,,,Y,admin,2.02512E+13,,,USRINFO_TYCD
CMMN_CD00798,LMSBASIC,KO,EML,7,이메일,,,,,Y,admin,2.02512E+13,,,USRINFO_TYCD
CMMN_CD00799,LMSBASIC,KO,ETC_PHNNO,8,기타전화번호,,,,,Y,admin,2.02512E+13,,,USRINFO_TYCD
CMMN_CD00800,LMSBASIC,KO,FAXNO,9,팩스번호,,,,,Y,admin,2.02512E+13,,,USRINFO_TYCD
CMMN_CD00801,LMSBASIC,KO,HOME_ADDR,10,자택주소,,,,,Y,admin,2.02512E+13,,,USRINFO_TYCD
CMMN_CD00802,LMSBASIC,KO,INTEREST,11,관심분야,,,,,Y,admin,2.02512E+13,,,USRINFO_TYCD
CMMN_CD00803,LMSBASIC,KO,MEMO,12,메모,,,,,Y,admin,2.02512E+13,,,USRINFO_TYCD
CMMN_CD00804,LMSBASIC,KO,MSG_RCV,13,메시지수신,,,,,Y,admin,2.02512E+13,,,USRINFO_TYCD
CMMN_CD00805,LMSBASIC,KO,MBL_PHNNO,14,휴대폰번호,,,,,Y,admin,2.02512E+13,,,USRINFO_TYCD
CMMN_CD00806,LMSBASIC,KO,PHNNO,15,전화번호,,,,,Y,admin,2.02512E+13,,,USRINFO_TYCD
CMMN_CD00807,LMSBASIC,KO,PHOTO,16,사진,,,,,Y,admin,2.02512E+13,,,USRINFO_TYCD
CMMN_CD00808,LMSBASIC,KO,GENDER,17,성별,,,,,Y,admin,2.02512E+13,,,USRINFO_TYCD
CMMN_CD00809,LMSBASIC,KO,USERGBN,18,사용자구분,,,,,Y,admin,2.02512E+13,,,USRINFO_TYCD
CMMN_CD00810,LMSBASIC,KO,USER_SCYR,19,학년,,,,,Y,admin,2.02512E+13,,,USRINFO_TYCD
CMMN_CD00811,LMSBASIC,KO,USERID,20,아이디,,,,,Y,admin,2.02512E+13,,,USRINFO_TYCD
CMMN_CD00812,LMSBASIC,KO,USERNM,21,이름,,,,,Y,admin,2.02512E+13,,,USRINFO_TYCD
CMMN_CD00813,LMSBASIC,KO,USERENNM,22,이름(로마지),,,,,Y,admin,2.02512E+13,,,USRINFO_TYCD
CMMN_CD00814,LMSBASIC,KO,USERKANANM,23,이름(카나),,,,,Y,admin,2.02512E+13,,,USRINFO_TYCD
CMMN_CD00815,LMSBASIC,KO,LRN_STSCD,0,학습상태코드,,,,,Y,admin,2.02512E+13,,,LRN_STSCD
CMMN_CD00816,LMSBASIC,KO,CMPTN,1,완료,,,,,Y,admin,2.02512E+13,,,LRN_STSCD
CMMN_CD00817,LMSBASIC,KO,LATE,2,지각,,,,,Y,admin,2.02512E+13,,,LRN_STSCD
CMMN_CD00818,LMSBASIC,KO,STUDY,3,학습중,,,,,Y,admin,2.02512E+13,,,LRN_STSCD
CMMN_CD00819,LMSBASIC,KO,NOTSTARTED,4,미시작,,,,,Y,admin,2.02512E+13,,,LRN_STSCD
CMMN_CD00820,LMSBASIC,KO,ABSNT,5,결석,,,,,Y,admin,2.02512E+13,,,LRN_STSCD
CMMN_CD00821,LMSBASIC,KO,DSCS_ATCL_TYCD,0,토론게시글유형코드,,,,,Y,admin,2.02512E+13,,,DSCS_ATCL_TYCD
CMMN_CD00822,LMSBASIC,KO,TEAM,1,팀토론,,,,,Y,admin,2.02512E+13,,,DSCS_ATCL_TYCD
CMMN_CD00823,LMSBASIC,KO,INDV,2,개인토론,,,,,Y,admin,2.02512E+13,,,DSCS_ATCL_TYCD
CMMN_CD00824,LMSBASIC,KO,EMP_TYCD,0,직원유형코드,,,,,Y,admin,2.02512E+13,,,EMP_TYCD
CMMN_CD00825,LMSBASIC,KO,TUT_SCSBJCT,1,학과튜터,,,,,Y,admin,2.02512E+13,,,EMP_TYCD
CMMN_CD00826,LMSBASIC,KO,TUT_GRAD_UNIV_BIZ,2,(경영)대학원튜터,,,,,Y,admin,2.02512E+13,,,EMP_TYCD
CMMN_CD00827,LMSBASIC,KO,TUT_RGN,3,지역튜터,,,,,Y,admin,2.02512E+13,,,EMP_TYCD
CMMN_CD00828,LMSBASIC,KO,TUT_CYBER,4,사이버튜터,,,,,Y,admin,2.02512E+13,,,EMP_TYCD
CMMN_CD00829,LMSBASIC,KO,LCTRR_SCSBJCT_EXTRNL,5,학과외부강사,,,,,Y,admin,2.02512E+13,,,EMP_TYCD
CMMN_CD00830,LMSBASIC,KO,LCTRR_GRAD_UNIV_BIZ_EXTRNL,6,(경영)대학원외부강사,,,,,Y,admin,2.02512E+13,,,EMP_TYCD
CMMN_CD00831,LMSBASIC,KO,STAFF,7,교직원,,,,,Y,admin,2.02512E+13,,,EMP_TYCD
CMMN_CD00832,LMSBASIC,KO,TRAIN_GUIDANCE_PROF,8,실습지도교수,,,,,Y,admin,2.02512E+13,,,EMP_TYCD
CMMN_CD00833,LMSBASIC,KO,ETC_ID_APLCNT,9,기타(ID신청자),,,,,Y,admin,2.02512E+13,,,EMP_TYCD
CMMN_CD00834,LMSBASIC,KO,PRIME_CLGE_PROF,10,프라임칼리지교수자,,,,,Y,admin,2.02512E+13,,,EMP_TYCD
CMMN_CD00835,LMSBASIC,KO,PRIME_CLGE_TUT,11,프라임칼리지튜터,,,,,Y,admin,2.02512E+13,,,EMP_TYCD
CMMN_CD00836,LMSBASIC,KO,PRIME_CLGE_NONDGRS_LCTRR,12,프라임칼리지비학위강사,,,,,Y,admin,2.02512E+13,,,EMP_TYCD
CMMN_CD00837,LMSBASIC,KO,PRIME_CLGE_NONDGRS_TUT,13,프라임칼리지비학위튜터,,,,,Y,admin,2.02512E+13,,,EMP_TYCD
CMMN_CD00838,LMSBASIC,KO,DSGN_COLR_TYCD,0,디자인컬러유형코드,,,,,Y,admin,2.02512E+13,,,DSGN_COLR_TYCD
CMMN_CD00839,LMSBASIC,KO,DEFAULT,1,기본,,,,,Y,admin,2.02512E+13,,,DSGN_COLR_TYCD
CMMN_CD00840,LMSBASIC,KO,BLUE,2,블루,,,,,Y,admin,2.02512E+13,,,DSGN_COLR_TYCD
CMMN_CD00841,LMSBASIC,KO,MINT,3,민트,,,,,Y,admin,2.02512E+13,,,DSGN_COLR_TYCD
CMMN_CD00842,LMSBASIC,KO,ORANGE,4,오렌지,,,,,Y,admin,2.02512E+13,,,DSGN_COLR_TYCD
CMMN_CD00843,LMSBASIC,KO,RED,5,레드,,,,,Y,admin,2.02512E+13,,,DSGN_COLR_TYCD
CMMN_CD00844,LMSBASIC,KO,PURPLE,6,퍼플,,,,,Y,admin,2.02512E+13,,,DSGN_COLR_TYCD
CMMN_CD00845,LMSBASIC,KO,WIDGET_TYCD,0,위젯유형코드,,,,,Y,admin,2.02512E+13,,,WIDGET_TYCD
CMMN_CD00846,LMSBASIC,KO,TODAY,1,TODAY,,,,,Y,admin,2.02512E+13,,,WIDGET_TYCD
CMMN_CD00847,LMSBASIC,KO,ALIM,2,알림,,,,,Y,admin,2.02512E+13,,,WIDGET_TYCD
CMMN_CD00848,LMSBASIC,KO,NTC,3,공지사항,,,,,Y,admin,2.02512E+13,,,WIDGET_TYCD
CMMN_CD00849,LMSBASIC,KO,THIS_MNTH_ACAD_SCHDL,4,이달의학사일정,,,,,Y,admin,2.02512E+13,,,WIDGET_TYCD
CMMN_CD00850,LMSBASIC,KO,LCTR_QNA,5,강의QNA,,,,,Y,admin,2.02512E+13,,,WIDGET_TYCD
CMMN_CD00851,LMSBASIC,KO,1ON1_CNSL,6,일대일상담,,,,,Y,admin,2.02512E+13,,,WIDGET_TYCD
CMMN_CD00852,LMSBASIC,KO,LCTR_LIST,7,강의목록,,,,,Y,admin,2.02512E+13,,,WIDGET_TYCD
CMMN_CD00853,LMSBASIC,KO,LCTR_DATARM,8,강의자료실,,,,,Y,admin,2.02512E+13,,,WIDGET_TYCD
CMMN_CD00854,LMSBASIC,KO,LCTR_CONTINU_LISTEN,9,강의이어듣기,,,,,Y,admin,2.02512E+13,,,WIDGET_TYCD
CMMN_CD00855,LMSBASIC,KO,AUTHRT_MENU_GBNCD,0,권한메뉴구분코드,,,,,Y,admin,2.02512E+13,,,AUTHRT_MENU_GBNCD
CMMN_CD00856,LMSBASIC,KO,PROF_GLVL,1,교수글로벌메뉴,,,,,Y,admin,2.02512E+13,,,AUTHRT_MENU_GBNCD
CMMN_CD00857,LMSBASIC,KO,PROF_LCTRRM,2,교수강의실멘뉴,,,,,Y,admin,2.02512E+13,,,AUTHRT_MENU_GBNCD
CMMN_CD00858,LMSBASIC,KO,STDNT_GLVL,3,학생글로벌메뉴,,,,,Y,admin,2.02512E+13,,,AUTHRT_MENU_GBNCD
CMMN_CD00859,LMSBASIC,KO,STDNT_LCTRRM,4,학생강의실메뉴,,,,,Y,admin,2.02512E+13,,,AUTHRT_MENU_GBNCD
CMMN_CD00860,LMSBASIC,KO,ADM,5,관리자메뉴,,,,,Y,admin,2.02512E+13,,,AUTHRT_MENU_GBNCD
CMMN_CD00861,LMSBASIC,KO,FNCTN_OPTN_TYCD,0,기능옵션유형코드,,,,,Y,admin,2.02512E+13,,,FNCTN_OPTN_TYCD
CMMN_CD00862,LMSBASIC,KO,OPTN0001,1,학사연동,,,,,Y,admin,2.02512E+13,,,FNCTN_OPTN_TYCD
CMMN_CD00863,LMSBASIC,KO,OPTN0002,2,통합SSO,,,,,Y,admin,2.02512E+13,,,FNCTN_OPTN_TYCD
CMMN_CD00864,LMSBASIC,KO,OPTN0003,3,다국어,,,,,Y,admin,2.02512E+13,,,FNCTN_OPTN_TYCD
CMMN_CD00865,LMSBASIC,KO,AIS_LINK_TYCD,0,학사정보시스템연동유형코드,,,,,Y,admin,2.02512E+13,,,AIS_LINK_TYCD
CMMN_CD00866,LMSBASIC,KO,OPTN0001_001,1,학과/부서정보,,,,,Y,admin,2.02512E+13,,,AIS_LINK_TYCD
CMMN_CD00867,LMSBASIC,KO,OPTN0001_002,2,학기/주차정보,,,,,Y,admin,2.02512E+13,,,AIS_LINK_TYCD
CMMN_CD00868,LMSBASIC,KO,OPTN0001_003,3,강의계획서정보,,,,,Y,admin,2.02512E+13,,,AIS_LINK_TYCD
CMMN_CD00869,LMSBASIC,KO,OPTN0001_004,4,학습목차(저작도구),,,,,Y,admin,2.02512E+13,,,AIS_LINK_TYCD
CMMN_CD00870,LMSBASIC,KO,OPTN0001_005,5,강의노트,,,,,Y,admin,2.02512E+13,,,AIS_LINK_TYCD
CMMN_CD00871,LMSBASIC,KO,OPTN0001_006,6,개설과목정보,,,,,Y,admin,2.02512E+13,,,AIS_LINK_TYCD
CMMN_CD00872,LMSBASIC,KO,OPTN0001_007,7,평가비중정보,,,,,Y,admin,2.02512E+13,,,AIS_LINK_TYCD
CMMN_CD00873,LMSBASIC,KO,OPTN0001_008,8,콘텐츠정보,,,,,Y,admin,2.02512E+13,,,AIS_LINK_TYCD
CMMN_CD00874,LMSBASIC,KO,OPTN0001_009,9,강의맛보기정보,,,,,Y,admin,2.02512E+13,,,AIS_LINK_TYCD
CMMN_CD00875,LMSBASIC,KO,OPTN0001_010,10,교수/공동교수정보,,,,,Y,admin,2.02512E+13,,,AIS_LINK_TYCD
CMMN_CD00876,LMSBASIC,KO,OPTN0001_011,11,튜터정보,,,,,Y,admin,2.02512E+13,,,AIS_LINK_TYCD
CMMN_CD00877,LMSBASIC,KO,OPTN0001_012,12,조교정보,,,,,Y,admin,2.02512E+13,,,AIS_LINK_TYCD
CMMN_CD00878,LMSBASIC,KO,OPTN0001_013,13,수강생정보,,,,,Y,admin,2.02512E+13,,,AIS_LINK_TYCD
CMMN_CD00879,LMSBASIC,KO,OPTN0001_014,14,기타사용자정보,,,,,Y,admin,2.02512E+13,,,AIS_LINK_TYCD
CMMN_CD00880,LMSBASIC,KO,OPTN0001_015,15,학습자정보,,,,,Y,admin,2.02512E+13,,,AIS_LINK_TYCD
CMMN_CD00881,LMSBASIC,KO,OPTN0001_016,16,강의평가,,,,,Y,admin,2.02512E+13,,,AIS_LINK_TYCD
CMMN_CD00882,LMSBASIC,KO,OPTN0001_017,17,수업업무일정정보,,,,,Y,admin,2.02512E+13,,,AIS_LINK_TYCD
CMMN_CD00883,LMSBASIC,KO,OPTN0001_018,18,시험시스템정보,,,,,Y,admin,2.02512E+13,,,AIS_LINK_TYCD
CMMN_CD00884,LMSBASIC,KO,OPTN0001_019,19,종합성적정보,,,,,Y,admin,2.02512E+13,,,AIS_LINK_TYCD
CMMN_CD00885,LMSBASIC,KO,ADM_AUTHRT_TYCD,0,관리자권한유형코드,,,,,Y,admin,2.02512E+13,,,ADM_AUTHRT_TYCD
CMMN_CD00886,LMSBASIC,KO,WHOL_SYS_ADM,1,전체시스템관리자,,,,,Y,admin,2.02512E+13,,,ADM_AUTHRT_TYCD
CMMN_CD00887,LMSBASIC,KO,CRS_TNCY_ADM,2,과정테넌시관리자,,,,,Y,admin,2.02512E+13,,,ADM_AUTHRT_TYCD
CMMN_CD00888,LMSBASIC,KO,CRS_TNCY_OP_ADM,3,과정테넌시운영관리자,,,,,Y,admin,2.02512E+13,,,ADM_AUTHRT_TYCD
CMMN_CD00889,LMSBASIC,KO,CRS_TNCY_CONTS_ADM,4,과정테넌시컨텐츠관리자,,,,,Y,admin,2.02512E+13,,,ADM_AUTHRT_TYCD
CMMN_CD00890,LMSBASIC,KO,CRS_TNCY_SBJCT_ADM,5,과정테넌시과목관리자,,,,,Y,admin,2.02512E+13,,,ADM_AUTHRT_TYCD
CMMN_CD00891,LMSBASIC,KO,CRS_TNCY_SBJCT_ADM,6,일반회원,,,,,Y,admin,2.02512E+13,,,ADM_AUTHRT_TYCD
CMMN_CD00892,LMSBASIC,KO,ATFL_REF_TYCD,0,첨부파일참조유형코드,,,,,Y,admin,2.02512E+13,,,ATFL_REF_TYCD
CMMN_CD00893,LMSBASIC,KO,ONLN_MANUAL,1,온라인매뉴얼,,,,,Y,admin,2.02512E+13,,,ATFL_REF_TYCD
CMMN_CD00894,LMSBASIC,KO,BBS_ATCL,2,게시글첨부파일,,,,,Y,admin,2.02512E+13,,,ATFL_REF_TYCD
CMMN_CD00895,LMSBASIC,KO,DSCS_ATCL,3,토론첨부파일,,,,,Y,admin,2.02512E+13,,,ATFL_REF_TYCD
CMMN_CD00896,LMSBASIC,KO,ASMT,4,과제첨부파일,,,,,Y,admin,2.02512E+13,,,ATFL_REF_TYCD
CMMN_CD00897,LMSBASIC,KO,SMNR,5,세미나첨부파일,,,,,Y,admin,2.02512E+13,,,ATFL_REF_TYCD
CMMN_CD00898,LMSBASIC,KO,SBJCT,6,과목첨부파일,,,,,Y,admin,2.02512E+13,,,ATFL_REF_TYCD
CMMN_CD00899,LMSBASIC,KO,SBJCT_LOW_QLTY,7,과목저화질파일,,,,,Y,admin,2.02512E+13,,,ATFL_REF_TYCD
CMMN_CD00900,LMSBASIC,KO,SBJCT_HIGH_QLTY,8,과목고화질파일,,,,,Y,admin,2.02512E+13,,,ATFL_REF_TYCD
CMMN_CD00901,LMSBASIC,KO,EXAM,9,시험첨부파일,,,,,Y,admin,2.02512E+13,,,ATFL_REF_TYCD
CMMN_CD00902,LMSBASIC,KO,TEAM_ACTV,10,팀활동첨부파일,,,,,Y,admin,2.02512E+13,,,ATFL_REF_TYCD
CMMN_CD00903,LMSBASIC,KO,LCTR,11,강의첨부파일,,,,,Y,admin,2.02512E+13,,,ATFL_REF_TYCD
CMMN_CD00904,LMSBASIC,KO,SHRTNT,12,쪽지첨부파일,,,,,Y,admin,2.02512E+13,,,ATFL_REF_TYCD
CMMN_CD00905,LMSBASIC,KO,EML,13,이메일첨부파일,,,,,Y,admin,2.02512E+13,,,ATFL_REF_TYCD
CMMN_CD00906,LMSBASIC,KO,ALIM_TALK,14,알림톡첨부파일,,,,,Y,admin,2.02512E+13,,,ATFL_REF_TYCD
CMMN_CD00907,LMSBASIC,KO,SYS_NTC,15,시스템공지사항첨부파일,,,,,Y,admin,2.02512E+13,,,ATFL_REF_TYCD
CMMN_CD00908,LMSBASIC,KO,LCTR_NOTE,16,강의노트첨부파일,,,,,Y,admin,2.02512E+13,,,ATFL_REF_TYCD
CMMN_CD00909,LMSBASIC,KO,LCTR_VOICE,17,강의음성파일,,,,,Y,admin,2.02512E+13,,,ATFL_REF_TYCD
CMMN_CD00910,LMSBASIC,KO,LCTR_TRAINING_TXTBK,18,실습지도첨부파일,,,,,Y,admin,2.02512E+13,,,ATFL_REF_TYCD
CMMN_CD00911,LMSBASIC,KO,PUSH_TALK_SMS_FLAG,0,푸시톡문자수신플래그,,,,,Y,admin,2.02512E+13,,,PUSH_TALK_SMS_FLAG
CMMN_CD00912,LMSBASIC,KO,SNDNG_PHNNO_GBNCD,0,발신전화번호구분코드,,,,,Y,admin,2.02512E+13,,,SNDNG_PHNNO_GBNCD
CMMN_CD00913,LMSBASIC,KO,SCSBJCT_RSRP_PHNNO,1,학과대표전화번호,,,,,Y,admin,2.02512E+13,,,SNDNG_PHNNO_GBNCD
CMMN_CD00914,LMSBASIC,KO,CHRGR_PHNNO,2,담당자전화번호,,,,,Y,admin,2.02512E+13,,,SNDNG_PHNNO_GBNCD
CMMN_CD00915,LMSBASIC,KO,MSG_CTS_GBNCD,0,메시지사용자구분코드,,,,,Y,admin,2.02512E+13,,,MSG_CTS_GBNCD
CMMN_CD00916,LMSBASIC,KO,INDV_MSG,1,개인메시지,,,,,Y,admin,2.02512E+13,,,MSG_CTS_GBNCD
CMMN_CD00917,LMSBASIC,KO,DEPT_MSG,2,학과부서메시지,,,,,Y,admin,2.02512E+13,,,MSG_CTS_GBNCD
CMMN_CD00918,LMSBASIC,KO,SNDNG_TYCD,0,발신유형코드,,,,,Y,admin,2.02512E+13,,,SNDNG_TYCD
CMMN_CD00919,LMSBASIC,KO,PUSH,1,PUSH,,,,,Y,admin,2.02512E+13,,,SNDNG_TYCD
CMMN_CD00920,LMSBASIC,KO,SHRTNT,2,쪽지,,,,,Y,admin,2.02512E+13,,,SNDNG_TYCD
CMMN_CD00921,LMSBASIC,KO,SMS,3,SMS,,,,,Y,admin,2.02512E+13,,,SNDNG_TYCD
CMMN_CD00922,LMSBASIC,KO,LMS,4,LMS,,,,,Y,admin,2.02512E+13,,,SNDNG_TYCD
CMMN_CD00923,LMSBASIC,KO,MMS,5,MMS,,,,,Y,admin,2.02512E+13,,,SNDNG_TYCD
CMMN_CD00924,LMSBASIC,KO,ALIM_TALK,6,알림톡,,,,,Y,admin,2.02512E+13,,,SNDNG_TYCD
CMMN_CD00925,LMSBASIC,KO,EML,7,이메일,,,,,Y,admin,2.02512E+13,,,SNDNG_TYCD
CMMN_CD00926,LMSBASIC,KO,POPUP_PNTTIME_GBNCD,0,팝업공지시점구분코드,,,,,Y,admin,2.02512E+13,,,POPUP_PNTTIME_GBNCD
CMMN_CD00927,LMSBASIC,KO,LGN_BFR,1,로그인전,,,,,Y,admin,2.02512E+13,,,POPUP_PNTTIME_GBNCD
CMMN_CD00928,LMSBASIC,KO,LGN_AFTR,2,로그인후,,,,,Y,admin,2.02512E+13,,,POPUP_PNTTIME_GBNCD
CMMN_CD00929,LMSBASIC,KO,POPUP_NTC_TRGT_TYCD,0,팝업공지대상유형코드,,,,,Y,admin,2.02512E+13,,,POPUP_NTC_TRGT_TYCD
CMMN_CD00930,LMSBASIC,KO,WHOL,1,전체,,,,,Y,admin,2.02512E+13,,,POPUP_NTC_TRGT_TYCD
CMMN_CD00931,LMSBASIC,KO,PROF,2,교수,,,,,Y,admin,2.02512E+13,,,POPUP_NTC_TRGT_TYCD
CMMN_CD00932,LMSBASIC,KO,TUT,3,튜터정보,,,,,Y,admin,2.02512E+13,,,POPUP_NTC_TRGT_TYCD
CMMN_CD00933,LMSBASIC,KO,STDNT,4,수강생,,,,,Y,admin,2.02512E+13,,,POPUP_NTC_TRGT_TYCD
CMMN_CD00934,LMSBASIC,KO,NTC_GBNCD,0,공지사항구분코드,,,,,Y,admin,2.02512E+13,,,NTC_GBNCD
CMMN_CD00935,LMSBASIC,KO,GNRL,1,일반공지,,,,,Y,admin,2.02512E+13,,,NTC_GBNCD
CMMN_CD00936,LMSBASIC,KO,UGNT,2,긴급공지,,,,,Y,admin,2.02512E+13,,,NTC_GBNCD
CMMN_CD00937,LMSBASIC,KO,SYS_NTC_OPTN_TYCD,0,시스템공지옵션유형코드,,,,,Y,admin,2.02512E+13,,,SYS_NTC_OPTN_TYCD
CMMN_CD00938,LMSBASIC,KO,NOT_APPLY,1,해당없음,,,,,Y,admin,2.02512E+13,,,SYS_NTC_OPTN_TYCD
CMMN_CD00939,LMSBASIC,KO,IMPT,2,중요,,,,,Y,admin,2.02512E+13,,,SYS_NTC_OPTN_TYCD
CMMN_CD00940,LMSBASIC,KO,FIX,3,고정,,,,,Y,admin,2.02512E+13,,,SYS_NTC_OPTN_TYCD
CMMN_CD00941,LMSBASIC,KO,AUTO_ALIM_TRGT_TYCD,,자동알림대상유형코드,,,,,Y,admin,2.02512E+13,,,AUTO_ALIM_TRGT_TYCD
CMMN_CD00942,LMSBASIC,KO,WHOL_PROF,1,전체교수,,,,,Y,admin,2.02512E+13,,,AUTO_ALIM_TRGT_TYCD
CMMN_CD00943,LMSBASIC,KO,WHOL_TUT,2,전체튜터,,,,,Y,admin,2.02512E+13,,,AUTO_ALIM_TRGT_TYCD
CMMN_CD00944,LMSBASIC,KO,WHOL_ASSI,3,전체조교,,,,,Y,admin,2.02512E+13,,,AUTO_ALIM_TRGT_TYCD
CMMN_CD00945,LMSBASIC,KO,WHOL_STDNT,4,전체수강생,,,,,Y,admin,2.02512E+13,,,AUTO_ALIM_TRGT_TYCD
CMMN_CD00946,LMSBASIC,KO,CHRG_PROF,5,담당교수,,,,,Y,admin,2.02512E+13,,,AUTO_ALIM_TRGT_TYCD
CMMN_CD00947,LMSBASIC,KO,CHRG_TUT,6,담당튜터,,,,,Y,admin,2.02512E+13,,,AUTO_ALIM_TRGT_TYCD
CMMN_CD00948,LMSBASIC,KO,CHRG_ASSI,7,담당조교,,,,,Y,admin,2.02512E+13,,,AUTO_ALIM_TRGT_TYCD
CMMN_CD00949,LMSBASIC,KO,SBJCT_STDNT,8,해당과목수강생,,,,,Y,admin,2.02512E+13,,,AUTO_ALIM_TRGT_TYCD
CMMN_CD00950,LMSBASIC,KO,STDNT,9,해당수강생,,,,,Y,admin,2.02512E+13,,,AUTO_ALIM_TRGT_TYCD
CMMN_CD00951,LMSBASIC,KO,AUTO_ALIM_DLVR_TYCD,0,자동알림발송유형코드,,,,,Y,admin,2.02512E+13,,,AUTO_ALIM_DLVR_TYCD
CMMN_CD00952,LMSBASIC,KO,PUSH,1,푸시,,,,,Y,admin,2.02512E+13,,,AUTO_ALIM_DLVR_TYCD
CMMN_CD00953,LMSBASIC,KO,AUTO_ALIM_CNDTN_TYCD,0,자동알림조건유형코드,,,,,Y,admin,2.02512E+13,,,AUTO_ALIM_CNDTN_TYCD
CMMN_CD00954,LMSBASIC,KO,WKNO_START_1DAY_BFR,1,주차 시작 1일전,,,,,Y,admin,2.02512E+13,,,AUTO_ALIM_CNDTN_TYCD
CMMN_CD00955,LMSBASIC,KO,WKNO_DDLN_1DAY_BFR,2,주차 마감 1일전,,,,,Y,admin,2.02512E+13,,,AUTO_ALIM_CNDTN_TYCD
CMMN_CD00956,LMSBASIC,KO,LCTR_ATNDC_DDLN_1DAY_BFR,3,강의 출석 마감 1일전,,,,,Y,admin,2.02512E+13,,,AUTO_ALIM_CNDTN_TYCD
CMMN_CD00957,LMSBASIC,KO,LCTR_LATE_DDLN_1DAY_BFR,4,강의 지각출석 마감 1일전,,,,,Y,admin,2.02512E+13,,,AUTO_ALIM_CNDTN_TYCD
CMMN_CD00958,LMSBASIC,KO,SBJCT_NTC_ENRL,5,과목공지 등록,,,,,Y,admin,2.02512E+13,,,AUTO_ALIM_CNDTN_TYCD
CMMN_CD00959,LMSBASIC,KO,SBJCT_NTC_NONREAD_1DAY_LAPSE,6,과목공지 미열람 1일 경과,,,,,Y,admin,2.02512E+13,,,AUTO_ALIM_CNDTN_TYCD
CMMN_CD00960,LMSBASIC,KO,WHOL_NTC_ENRL,7,전체공지 등록,,,,,Y,admin,2.02512E+13,,,AUTO_ALIM_CNDTN_TYCD
CMMN_CD00961,LMSBASIC,KO,WHOL_NTC_NONREAD_1DAY_LAPSE,8,전체공지 미열람 1일 경과,,,,,Y,admin,2.02512E+13,,,AUTO_ALIM_CNDTN_TYCD
CMMN_CD00962,LMSBASIC,KO,LCTR_QNA_ENRL,9,강의Q&A 등록,,,,,Y,admin,2.02512E+13,,,AUTO_ALIM_CNDTN_TYCD
CMMN_CD00963,LMSBASIC,KO,LCTR_QNA_RSPNS_1DAY_LATE,10,강의Q&A 답변 1일 지연,,,,,Y,admin,2.02512E+13,,,AUTO_ALIM_CNDTN_TYCD
CMMN_CD00964,LMSBASIC,KO,LCTR_QNA_RSPNS_ENRL,11,강의Q&A 답변 등록,,,,,Y,admin,2.02512E+13,,,AUTO_ALIM_CNDTN_TYCD
CMMN_CD00965,LMSBASIC,KO,LCTR_QNA_RSPNS_ENRL_NONREAD_1DAY_LAPSE,12,강의Q&A 답변 등록 미열람 1일 경과,,,,,Y,admin,2.02512E+13,,,AUTO_ALIM_CNDTN_TYCD
CMMN_CD00966,LMSBASIC,KO,1ON1_ENRL,13,1:1상담 등록,,,,,Y,admin,2.02512E+13,,,AUTO_ALIM_CNDTN_TYCD
CMMN_CD00967,LMSBASIC,KO,1ON1_RSPNS_LATE,14,1:1상담 답변 지연,,,,,Y,admin,2.02512E+13,,,AUTO_ALIM_CNDTN_TYCD
CMMN_CD00968,LMSBASIC,KO,1ON1_RSPNS_ENRL,15,1:1상담 답변 등록,,,,,Y,admin,2.02512E+13,,,AUTO_ALIM_CNDTN_TYCD
CMMN_CD00969,LMSBASIC,KO,1ON1_RSPNS_ENRL_NONREAD_1DAY_LAPSE,16,1:1상담 답변 등록 미열람 1일 경과,,,,,Y,admin,2.02512E+13,,,AUTO_ALIM_CNDTN_TYCD
CMMN_CD00970,LMSBASIC,KO,ASMT_ENRL,17,과제 등록,,,,,Y,admin,2.02512E+13,,,AUTO_ALIM_CNDTN_TYCD
CMMN_CD00971,LMSBASIC,KO,ASMT_DDLN_1DAY_BFR,18,과제 마감 1일전,,,,,Y,admin,2.02512E+13,,,AUTO_ALIM_CNDTN_TYCD
CMMN_CD00972,LMSBASIC,KO,ASMT_LATE_DDLN_1DAY_BFR,19,과제 지각마감 1일전 ,,,,,Y,admin,2.02512E+13,,,AUTO_ALIM_CNDTN_TYCD
CMMN_CD00973,LMSBASIC,KO,ASMT_DDLN,20,과제 마감,,,,,Y,admin,2.02512E+13,,,AUTO_ALIM_CNDTN_TYCD
CMMN_CD00974,LMSBASIC,KO,ASMT_EVL_1DAY_LATE,21,과제 평가 1일 지연,,,,,Y,admin,2.02512E+13,,,AUTO_ALIM_CNDTN_TYCD
CMMN_CD00975,LMSBASIC,KO,ASMT_EVL_CMPTN,22,과제 평가완료,,,,,Y,admin,2.02512E+13,,,AUTO_ALIM_CNDTN_TYCD
CMMN_CD00976,LMSBASIC,KO,DSCS_ENRL,23,토론 등록,,,,,Y,admin,2.02512E+13,,,AUTO_ALIM_CNDTN_TYCD
CMMN_CD00977,LMSBASIC,KO,DSCS_DDLN_1DAY_BFR,24,토론 마감 1일전,,,,,Y,admin,2.02512E+13,,,AUTO_ALIM_CNDTN_TYCD
CMMN_CD00978,LMSBASIC,KO,DSCS_DDLN,25,토론 마감,,,,,Y,admin,2.02512E+13,,,AUTO_ALIM_CNDTN_TYCD
CMMN_CD00979,LMSBASIC,KO,DSCS_EVL_1DAY_LATE,26,토론 평가 1일 지연,,,,,Y,admin,2.02512E+13,,,AUTO_ALIM_CNDTN_TYCD
CMMN_CD00980,LMSBASIC,KO,DSCS_EVL_CMPTN,27,토론 평가완료,,,,,Y,admin,2.02512E+13,,,AUTO_ALIM_CNDTN_TYCD
CMMN_CD00981,LMSBASIC,KO,SMNR_ENRL,28,세미나 등록,,,,,Y,admin,2.02512E+13,,,AUTO_ALIM_CNDTN_TYCD
CMMN_CD00982,LMSBASIC,KO,SMNR_PTCP_1DAY_BFR,29,세미나 참여 1일전,,,,,Y,admin,2.02512E+13,,,AUTO_ALIM_CNDTN_TYCD
CMMN_CD00983,LMSBASIC,KO,SMNR_DDLN,30,세미나 마감,,,,,Y,admin,2.02512E+13,,,AUTO_ALIM_CNDTN_TYCD
CMMN_CD00984,LMSBASIC,KO,SMNR_ATTNDNC_NONPROC,31,세미나 출결 미처리,,,,,Y,admin,2.02512E+13,,,AUTO_ALIM_CNDTN_TYCD
CMMN_CD00985,LMSBASIC,KO,SMNR_EVL_CMPTN,32,세미나 평가완료,,,,,Y,admin,2.02512E+13,,,AUTO_ALIM_CNDTN_TYCD
CMMN_CD00986,LMSBASIC,KO,QUIZ_ENRL,33,퀴즈 등록,,,,,Y,admin,2.02512E+13,,,AUTO_ALIM_CNDTN_TYCD
CMMN_CD00987,LMSBASIC,KO,QUIZ_DDLN_1DAY_BFR,34,퀴즈 마감 1일전,,,,,Y,admin,2.02512E+13,,,AUTO_ALIM_CNDTN_TYCD
CMMN_CD00988,LMSBASIC,KO,QUIZ_LATE_DDLN_1DAY_BFR,35,퀴즈 지각마감 1일전 ,,,,,Y,admin,2.02512E+13,,,AUTO_ALIM_CNDTN_TYCD
CMMN_CD00989,LMSBASIC,KO,QUIZ_DDLN,36,퀴즈 마감,,,,,Y,admin,2.02512E+13,,,AUTO_ALIM_CNDTN_TYCD
CMMN_CD00990,LMSBASIC,KO,QUIZ_EVL_1DAY_LATE,37,퀴즈 평가 1일 지연,,,,,Y,admin,2.02512E+13,,,AUTO_ALIM_CNDTN_TYCD
CMMN_CD00991,LMSBASIC,KO,QUIZ_EVL_CMPTN,38,퀴즈 평가완료,,,,,Y,admin,2.02512E+13,,,AUTO_ALIM_CNDTN_TYCD
CMMN_CD00992,LMSBASIC,KO,SRVY_ENRL,39,설문 등록,,,,,Y,admin,2.02512E+13,,,AUTO_ALIM_CNDTN_TYCD
CMMN_CD00993,LMSBASIC,KO,SRVY_SBMSN_DDLN_1DAY_BFR,40,설문 제출마감 1일전,,,,,Y,admin,2.02512E+13,,,AUTO_ALIM_CNDTN_TYCD
CMMN_CD00994,LMSBASIC,KO,SRVY_LATE_SBMSN_DDLN_1DAY_BFR,41,설문 지각제출마감 1일전 ,,,,,Y,admin,2.02512E+13,,,AUTO_ALIM_CNDTN_TYCD
CMMN_CD00995,LMSBASIC,KO,SRVY_DDLN,42,설문 마감,,,,,Y,admin,2.02512E+13,,,AUTO_ALIM_CNDTN_TYCD
CMMN_CD00996,LMSBASIC,KO,SRVY_EVL_1DAY_LATE,43,설문 평가 1일 지연,,,,,Y,admin,2.02512E+13,,,AUTO_ALIM_CNDTN_TYCD
CMMN_CD00997,LMSBASIC,KO,SRVY_EVL_CMPTN,44,설문 평가완료,,,,,Y,admin,2.02512E+13,,,AUTO_ALIM_CNDTN_TYCD
CMMN_CD00998,LMSBASIC,KO,ABSNCE_APLY_APLY_PRD_START,45,결시신청 신청기간 시작,,,,,Y,admin,2.02512E+13,,,AUTO_ALIM_CNDTN_TYCD
CMMN_CD00999,LMSBASIC,KO,ABSNCE_APLY_ENRL,46,결시신청 등록,,,,,Y,admin,2.02512E+13,,,AUTO_ALIM_CNDTN_TYCD
CMMN_CD01000,LMSBASIC,KO,ABSNCE_APLY_NONPROC,47,결시신청 미처리,,,,,Y,admin,2.02512E+13,,,AUTO_ALIM_CNDTN_TYCD
CMMN_CD01001,LMSBASIC,KO,ABSNCE_APLY_ARPYYN,48,결시신청 승인여부,,,,,Y,admin,2.02512E+13,,,AUTO_ALIM_CNDTN_TYCD
CMMN_CD01002,LMSBASIC,KO,ABSNCE_APLY_APLY_PRD_DDLN,49,결시신청 신청기간 마감,,,,,Y,admin,2.02512E+13,,,AUTO_ALIM_CNDTN_TYCD
CMMN_CD01003,LMSBASIC,KO,EXAM_SPRT_APLY_PRD_START,50,시험지원 신청기간 시작,,,,,Y,admin,2.02512E+13,,,AUTO_ALIM_CNDTN_TYCD
CMMN_CD01004,LMSBASIC,KO,EXAM_SPRT_ENRL,51,시험지원 등록,,,,,Y,admin,2.02512E+13,,,AUTO_ALIM_CNDTN_TYCD
CMMN_CD01005,LMSBASIC,KO,EXAM_SPRT_NONPROC,52,시험지원 미처리,,,,,Y,admin,2.02512E+13,,,AUTO_ALIM_CNDTN_TYCD
CMMN_CD01006,LMSBASIC,KO,EXAM_SPRT_ARPYYN,53,시험지원 승인여부,,,,,Y,admin,2.02512E+13,,,AUTO_ALIM_CNDTN_TYCD
CMMN_CD01007,LMSBASIC,KO,EXAM_SPRT_APLY_PRD_DDLN,54,시험지원 신청기간 마감,,,,,Y,admin,2.02512E+13,,,AUTO_ALIM_CNDTN_TYCD
CMMN_CD01008,LMSBASIC,KO,MIDEXAM_7DAY_BFR,55,중간고사 7일전,,,,,Y,admin,2.02512E+13,,,AUTO_ALIM_CNDTN_TYCD
CMMN_CD01009,LMSBASIC,KO,MIDEXAM_1DAY_BFR,56,중간고사 1일전,,,,,Y,admin,2.02512E+13,,,AUTO_ALIM_CNDTN_TYCD
CMMN_CD01010,LMSBASIC,KO,MIDEXAM_EVL_PRD,57,중간고사 평가기간,,,,,Y,admin,2.02512E+13,,,AUTO_ALIM_CNDTN_TYCD
CMMN_CD01011,LMSBASIC,KO,MIDEXAM_EVL_PRD_DDLN_1DAY_BFR,58,중간고사 평가기간 마감 1일전,,,,,Y,admin,2.02512E+13,,,AUTO_ALIM_CNDTN_TYCD
CMMN_CD01012,LMSBASIC,KO,MIDEXAM_EVL_1DAY_LATE,59,중간고사 평가 1일 지연,,,,,Y,admin,2.02512E+13,,,AUTO_ALIM_CNDTN_TYCD
CMMN_CD01013,LMSBASIC,KO,MIDEXAM_EVL_CMPTN,60,중간고사 평가완료,,,,,Y,admin,2.02512E+13,,,AUTO_ALIM_CNDTN_TYCD
CMMN_CD01014,LMSBASIC,KO,LSTEXAM_7DAY_BFR,61,기말고사 7일전,,,,,Y,admin,2.02512E+13,,,AUTO_ALIM_CNDTN_TYCD
CMMN_CD01015,LMSBASIC,KO,LSTEXAM_1DAY_BFR,62,기말고사 1일전,,,,,Y,admin,2.02512E+13,,,AUTO_ALIM_CNDTN_TYCD
CMMN_CD01016,LMSBASIC,KO,LSTEXAM_EVL_PRD,63,기말고사 평가기간,,,,,Y,admin,2.02512E+13,,,AUTO_ALIM_CNDTN_TYCD
CMMN_CD01017,LMSBASIC,KO,LSTEXAM_EVL_PRD_DDLN_1DAY_BFR,64,기말고사 평가기간 마감 1일전,,,,,Y,admin,2.02512E+13,,,AUTO_ALIM_CNDTN_TYCD
CMMN_CD01018,LMSBASIC,KO,LSTEXAM_EVL_1DAY_LATE,65,기말고사 평가 1일 지연,,,,,Y,admin,2.02512E+13,,,AUTO_ALIM_CNDTN_TYCD
CMMN_CD01019,LMSBASIC,KO,LSTEXAM_EVL_CMPTN,66,기말고사 평가완료,,,,,Y,admin,2.02512E+13,,,AUTO_ALIM_CNDTN_TYCD
CMMN_CD01020,LMSBASIC,KO,LCTR_EVL_PRD,67,강의평가 기간,,,,,Y,admin,2.02512E+13,,,AUTO_ALIM_CNDTN_TYCD
CMMN_CD01021,LMSBASIC,KO,LCTR_EVL_DDLN_1DAY_BFR,68,강의평가 마감 1일전,,,,,Y,admin,2.02512E+13,,,AUTO_ALIM_CNDTN_TYCD
CMMN_CD01022,LMSBASIC,KO,LCTR_EVL_DDLN,69,강의평가 마감,,,,,Y,admin,2.02512E+13,,,AUTO_ALIM_CNDTN_TYCD
CMMN_CD01023,LMSBASIC,KO,TOTAL_MRK_VRFCTN_PRD_START,70,종합성적 확인기간 시작,,,,,Y,admin,2.02512E+13,,,AUTO_ALIM_CNDTN_TYCD
CMMN_CD01024,LMSBASIC,KO,TOTAL_MRK_VRFCTN_PRD_DDLN,71,종합성적 확인기간 마감,,,,,Y,admin,2.02512E+13,,,AUTO_ALIM_CNDTN_TYCD
CMMN_CD01025,LMSBASIC,KO,MRK_OBJCT_APLY_PRD_START,72,성적이의 신청기간 시작,,,,,Y,admin,2.02512E+13,,,AUTO_ALIM_CNDTN_TYCD
CMMN_CD01026,LMSBASIC,KO,MRK_OBJCT_APLY_ENRL,73,성적이의신청 등록,,,,,Y,admin,2.02512E+13,,,AUTO_ALIM_CNDTN_TYCD
CMMN_CD01027,LMSBASIC,KO,MRK_OBJCT_APLY_NONPROC,74,성적이의신청 미처리,,,,,Y,admin,2.02512E+13,,,AUTO_ALIM_CNDTN_TYCD
CMMN_CD01028,LMSBASIC,KO,MRK_OBJCT_APLY_PRCYN,75,성적이의신청 처리여부,,,,,Y,admin,2.02512E+13,,,AUTO_ALIM_CNDTN_TYCD
CMMN_CD01029,LMSBASIC,KO,MRK_OBJCT_APLY_APLY_PRD_DDLN,76,성적이의신청 신청기간 마감,,,,,Y,admin,2.02512E+13,,,AUTO_ALIM_CNDTN_TYCD
CMMN_CD01030,LMSBASIC,KO,SYS_ERR_MSG_TYCD,0,시스템오류메시지유형코드,,,,,Y,admin,2.02512E+13,,,SYS_ERR_MSG_TYCD
CMMN_CD01031,LMSBASIC,KO,DB_ERR,1,DB오류,,,,,Y,admin,2.02512E+13,,,SYS_ERR_MSG_TYCD
CMMN_CD01032,LMSBASIC,KO,QUERY_ERR,2,쿼리오류,,,,,Y,admin,2.02512E+13,,,SYS_ERR_MSG_TYCD
CMMN_CD01033,LMSBASIC,KO,NETWORK_ERR,3,네트워크오류,,,,,Y,admin,2.02512E+13,,,SYS_ERR_MSG_TYCD
CMMN_CD01034,LMSBASIC,KO,JAVA_ERR,4,자바오류,,,,,Y,admin,2.02512E+13,,,SYS_ERR_MSG_TYCD
CMMN_CD01035,LMSBASIC,KO,JAVASCRIPT_ERR,5,자바스크립트오류,,,,,Y,admin,2.02512E+13,,,SYS_ERR_MSG_TYCD
CMMN_CD01036,LMSBASIC,KO,EVL_ITM_TYCD,0,평가항목유형코드,,,,,Y,admin,2.02512E+13,,,EVL_ITM_TYCD
CMMN_CD01037,LMSBASIC,KO,MIDEXAM,1,중간고사,,,,,Y,admin,2.02512E+13,,,EVL_ITM_TYCD
CMMN_CD01038,LMSBASIC,KO,LSTEXAM,2,기말고사,,,,,Y,admin,2.02512E+13,,,EVL_ITM_TYCD
CMMN_CD01039,LMSBASIC,KO,ATNDC,3,출석,,,,,Y,admin,2.02512E+13,,,EVL_ITM_TYCD
CMMN_CD01040,LMSBASIC,KO,ASMT,4,과제,,,,,Y,admin,2.02512E+13,,,EVL_ITM_TYCD
CMMN_CD01041,LMSBASIC,KO,DSCS,5,토론,,,,,Y,admin,2.02512E+13,,,EVL_ITM_TYCD
CMMN_CD01042,LMSBASIC,KO,QUIZ,6,퀴즈,,,,,Y,admin,2.02512E+13,,,EVL_ITM_TYCD
CMMN_CD01043,LMSBASIC,KO,SRVY,7,설문,,,,,Y,admin,2.02512E+13,,,EVL_ITM_TYCD
CMMN_CD01044,LMSBASIC,KO,SMNR,8,세미나,,,,,Y,admin,2.02512E+13,,,EVL_ITM_TYCD
CMMN_CD01045,LMSBASIC,KO,TXTBK_GBNCD,0,교재구분코드,,,,,Y,admin,2.02512E+13,,,TXTBK_GBNCD
CMMN_CD01046,LMSBASIC,KO,MAIN_TXTBK,1,주교재,,,,,Y,admin,2.02512E+13,,,TXTBK_GBNCD
CMMN_CD01047,LMSBASIC,KO,SUB_TXTBK,2,부교재,,,,,Y,admin,2.02512E+13,,,TXTBK_GBNCD
CMMN_CD01048,LMSBASIC,KO,RFRNCS,3,참고문헌,,,,,Y,admin,2.02512E+13,,,TXTBK_GBNCD
CMMN_CD01049,LMSBASIC,KO,TASK_SCHDL_TYCD,0,업무일정유형코드,,,,,Y,admin,2.02512E+13,,,TASK_SCHDL_TYCD
CMMN_CD01050,LMSBASIC,KO,PROF_ACCSS_PSBL_PRD,1,교수접근가능기간,,,,,Y,admin,2.02512E+13,,,TASK_SCHDL_TYCD
CMMN_CD01051,LMSBASIC,KO,ASSI_ACCSS_PSBL_PRD,2,조교접근가능기간,,,,,Y,admin,2.02512E+13,,,TASK_SCHDL_TYCD
CMMN_CD01052,LMSBASIC,KO,STDNT_ACSS_PSBL_PRD,3,학생접급가능기간,,,,,Y,admin,2.02512E+13,,,TASK_SCHDL_TYCD
CMMN_CD01053,LMSBASIC,KO,LCTR_PLANDOC_ENRL_PRD,4,강의계획서등록기간,,,,,Y,admin,2.02512E+13,,,TASK_SCHDL_TYCD
CMMN_CD01054,LMSBASIC,KO,LCTR_PLANDOC_MOD_PRD,5,강의계획서수정기간,,,,,Y,admin,2.02512E+13,,,TASK_SCHDL_TYCD
CMMN_CD01055,LMSBASIC,KO,LCTR_EVL_PRD,6,강의평가기간,,,,,Y,admin,2.02512E+13,,,TASK_SCHDL_TYCD
CMMN_CD01056,LMSBASIC,KO,LCTR_EVL_RSLT_OPEN_PRD,7,강의평가결과공개기간,,,,,Y,admin,2.02512E+13,,,TASK_SCHDL_TYCD
CMMN_CD01057,LMSBASIC,KO,MID_LCTR_EVL_PRD,8,중간강의평가기간,,,,,Y,admin,2.02512E+13,,,TASK_SCHDL_TYCD
CMMN_CD01058,LMSBASIC,KO,MID_LCTR_EVL_RSLT_OPEN_PRD,9,중간강의평가결과공개기간,,,,,Y,admin,2.02512E+13,,,TASK_SCHDL_TYCD
CMMN_CD01059,LMSBASIC,KO,ABSNCE_APLY_PRD,10,결시원신청기간,,,,,Y,admin,2.02512E+13,,,TASK_SCHDL_TYCD
CMMN_CD01060,LMSBASIC,KO,ABSNCE_APRV_PRD,11,결시원승인기간,,,,,Y,admin,2.02512E+13,,,TASK_SCHDL_TYCD
CMMN_CD01061,LMSBASIC,KO,MIDEXAM_OATH_SBMSN_PRD,12,시험서약서제출기간-중간고사,,,,,Y,admin,2.02512E+13,,,TASK_SCHDL_TYCD
CMMN_CD01062,LMSBASIC,KO,LSTEXAM_OATH_SBMSN_PRD,13,시험서약서제출기간-기말고사,,,,,Y,admin,2.02512E+13,,,TASK_SCHDL_TYCD
CMMN_CD01063,LMSBASIC,KO,RLTM_MIDEXAM_PRD,14,실시간시험중간고사기간,,,,,Y,admin,2.02512E+13,,,TASK_SCHDL_TYCD
CMMN_CD01064,LMSBASIC,KO,RLTM_LSTEXAM_PRD,15,실시간시험기말고사기간,,,,,Y,admin,2.02512E+13,,,TASK_SCHDL_TYCD
CMMN_CD01065,LMSBASIC,KO,EXAM_SPRT_APLY_PRD,16,시험지원신청기간,,,,,Y,admin,2.02512E+13,,,TASK_SCHDL_TYCD
CMMN_CD01066,LMSBASIC,KO,EXAM_SPRT_APRV_PRD,17,시험지원승인기간,,,,,Y,admin,2.02512E+13,,,TASK_SCHDL_TYCD
CMMN_CD01067,LMSBASIC,KO,MRK_REVRFCTN_APLY_PRD,18,성적재확인신청기간,,,,,Y,admin,2.02512E+13,,,TASK_SCHDL_TYCD
CMMN_CD01068,LMSBASIC,KO,MRK_REVRFCTN_APLY_CRCTN_PRD,19,성적재확인신청정정기간,,,,,Y,admin,2.02512E+13,,,TASK_SCHDL_TYCD
CMMN_CD01069,LMSBASIC,KO,RGLR_SMSTR_MRK_PRNT_PBL_PRD,20,성적표출력가능기간(정규학기),,,,,Y,admin,2.02512E+13,,,TASK_SCHDL_TYCD
CMMN_CD01070,LMSBASIC,KO,SSNL_SMSTR_MRK_PRNT_PBL_PRD,21,성적표출력가능기간(계절학기),,,,,Y,admin,2.02512E+13,,,TASK_SCHDL_TYCD
CMMN_CD01071,LMSBASIC,KO,GNDR_TYCD,0,성별유형코드,,,,,Y,admin,2.02512E+13,,,GNDR_TYCD
CMMN_CD01072,LMSBASIC,KO,M,1,남자,,,,,Y,admin,2.02512E+13,,,GNDR_TYCD
CMMN_CD01073,LMSBASIC,KO,F,2,여자,,,,,Y,admin,2.02512E+13,,,GNDR_TYCD
CMMN_CD01074,LMSBASIC,KO,U,3,모름,,,,,Y,admin,2.02512E+13,,,GNDR_TYCD
CMMN_CD01075,LMSBASIC,KO,O,4,Other,,,,,Y,admin,2.02512E+13,,,GNDR_TYCD
CMMN_CD01076,LMSBASIC,KO,SMSTR_CHRT_STSCD,0,학기기수상태코드,,,,,Y,admin,2.02512E+13,,,SMSTR_CHRT_STSCD
CMMN_CD01077,LMSBASIC,KO,OP,1,운영,,,,,Y,admin,2.02512E+13,,,SMSTR_CHRT_STSCD
CMMN_CD01078,LMSBASIC,KO,WAIT,2,대기,,,,,Y,admin,2.02512E+13,,,SMSTR_CHRT_STSCD
CMMN_CD01079,LMSBASIC,KO,END,3,종료,,,,,Y,admin,2.02512E+13,,,SMSTR_CHRT_STSCD
CMMN_CD01080,LMSBASIC,KO,LRN_CNTRL_GBNCD,0,학습제어구분코드,,,,,Y,admin,2.02512E+13,,,LRN_CNTRL_GBNCD
CMMN_CD01081,LMSBASIC,KO,SEQUENCE,1,순차,,,,,Y,admin,2.02512E+13,,,LRN_CNTRL_GBNCD
CMMN_CD01082,LMSBASIC,KO,SORT_DATE,2,날짜순,,,,,Y,admin,2.02512E+13,,,LRN_CNTRL_GBNCD
CMMN_CD01083,LMSBASIC,KO,LCTR_FRMT_GBNCD,0,강의형식구분코드,,,,,Y,admin,2.02512E+13,,,LCTR_FRMT_GBNCD
CMMN_CD01084,LMSBASIC,KO,BYWK,1,주별,,,,,Y,admin,2.02512E+13,,,LCTR_FRMT_GBNCD
CMMN_CD01085,LMSBASIC,KO,TOPIC,2,토픽,,,,,Y,admin,2.02512E+13,,,LCTR_FRMT_GBNCD
CMMN_CD01086,LMSBASIC,KO,EXAMPPR_OPEN_OPTN_CD,0,시험지공개옵션코드,,,,,Y,admin,2.02512E+13,,,EXAMPPR_OPEN_OPTN_CD
CMMN_CD01087,LMSBASIC,KO,WHOL_OPEN,1,전체공개,,,,,Y,admin,2.02512E+13,,,EXAMPPR_OPEN_OPTN_CD
CMMN_CD01088,LMSBASIC,KO,EXPLN_NO_OPEN,2,설명공개안함,,,,,Y,admin,2.02512E+13,,,EXAMPPR_OPEN_OPTN_CD
CMMN_CD01089,LMSBASIC,KO,ANSW_SHT_CMMNT_NO_OPEN,3,답안코멘트공개안함,,,,,Y,admin,2.02512E+13,,,EXAMPPR_OPEN_OPTN_CD
CMMN_CD01090,LMSBASIC,KO,RUBRIC_TYCD,0,루브릭유형코드,,,,,Y,admin,2.02512E+13,,,RUBRIC_TYCD
CMMN_CD01091,LMSBASIC,KO,FIVE_PNT,1,5점척도,,,,,Y,admin,2.02512E+13,,,RUBRIC_TYCD
CMMN_CD01092,LMSBASIC,KO,THREE_PNT,2,3점척도,,,,,Y,admin,2.02512E+13,,,RUBRIC_TYCD
CMMN_CD01093,LMSBASIC,KO,FREE_PNT,3,자유척도,,,,,Y,admin,2.02512E+13,,,RUBRIC_TYCD
CMMN_CD01094,LMSBASIC,KO,OX_EVL,4,OX평가,,,,,Y,admin,2.02512E+13,,,RUBRIC_TYCD
CMMN_CD01095,LMSBASIC,KO,WIDGET_USER_GBNCD,0,위젯사용자구분코드,,,,,Y,admin,2.02512E+13,,,WIDGET_USER_GBNCD
CMMN_CD01096,LMSBASIC,KO,PROF_ONLY,1,교수용,,,,,Y,admin,2.02512E+13,,,WIDGET_USER_GBNCD
CMMN_CD01097,LMSBASIC,KO,ASSI_ONLY,2,조교용,,,,,Y,admin,2.02512E+13,,,WIDGET_USER_GBNCD
CMMN_CD01098,LMSBASIC,KO,STDNT_ONLY,3,학생용,,,,,Y,admin,2.02512E+13,,,WIDGET_USER_GBNCD
CMMN_CD01099,LMSBASIC,KO,TUT_ONLY,4,튜터용,,,,,Y,admin,2.02512E+13,,,WIDGET_USER_GBNCD
CMMN_CD01100,LMSBASIC,KO,STAFF_ONLY,5,직원용,,,,,Y,admin,2.02512E+13,,,WIDGET_USER_GBNCD
CMMN_CD01101,LMSBASIC,KO,ADM_ONLY,6,관리자용,,,,,Y,admin,2.02512E+13,,,WIDGET_USER_GBNCD
CMMN_CD01102,LMSBASIC,KO,WHOL,9,전체,,,,,Y,admin,2.02512E+13,,,WIDGET_USER_GBNCD
CMMN_CD01103,LMSBASIC,KO,SBJCT_ADM_TYCD,0,과목관리자유형코드,,,,,Y,admin,2.02512E+13,,,SBJCT_ADM_TYCD
CMMN_CD01104,LMSBASIC,KO,PROF,1,교수,,,,,Y,admin,2.02512E+13,,,SBJCT_ADM_TYCD
CMMN_CD01105,LMSBASIC,KO,ASSI,2,조교,,,,,Y,admin,2.02512E+13,,,SBJCT_ADM_TYCD
CMMN_CD01106,LMSBASIC,KO,TUT,3,튜터,,,,,Y,admin,2.02512E+13,,,SBJCT_ADM_TYCD
CMMN_CD01107,LMSBASIC,KO,MBL_SNDNG_TYCD,,모바일발신유형코드,,,,,Y,admin,2.02512E+13,,,MBL_SNDNG_TYCD
CMMN_CD01108,LMSBASIC,KO,SMS,0,SMS,,,,,Y,admin,2.02512E+13,,,MBL_SNDNG_TYCD
CMMN_CD01109,LMSBASIC,KO,LMS,1,LMS,,,,,Y,admin,2.02512E+13,,,MBL_SNDNG_TYCD
CMMN_CD01110,LMSBASIC,KO,MMS,2,MMS,,,,,Y,admin,2.02512E+13,,,MBL_SNDNG_TYCD
CMMN_CD01111,LMSBASIC,KO,PUSH,3,PUSH,,,,,Y,admin,2.02512E+13,,,MBL_SNDNG_TYCD
CMMN_CD01112,LMSBASIC,KO,INAPPPUSH,4,PUSHINAPP,,,,,Y,admin,2.02512E+13,,,MBL_SNDNG_TYCD
CMMN_CD01113,LMSBASIC,KO,ALIM_TALK,5,ALIM_TALK,,,,,Y,admin,2.02512E+13,,,MBL_SNDNG_TYCD
